codice,descrizione,nuts_level,sigla_nazione
BE,BELGIQUE-BELGIË ,0,BE
BE1,RÉGION DE BRUXELLES-CAPITALE / BRUSSELS HOOFDSTEDELIJK GEWEST,1,BE
BE10,RÉGION DE BRUXELLES-CAPITALE / BRUSSELS HOOFDSTEDELIJK GEWEST,2,BE
BE100,ARR. DE BRUXELLES-CAPITALE / ARR. VAN BRUSSEL-HOOFDSTAD,3,BE
BE2,VLAAMS GEWEST,1,BE
BE21,PROV. ANTWERPEN,2,BE
BE211,ARR. ANTWERPEN,3,BE
BE212,ARR. MECHELEN,3,BE
BE213,ARR. TURNHOUT,3,BE
BE22,PROV. LIMBURG (BE),2,BE
BE221,ARR. HASSELT,3,BE
BE222,ARR. MAASEIK,3,BE
BE223,ARR. TONGEREN,3,BE
BE23,PROV. OOST-VLAANDEREN,2,BE
BE231,ARR. AALST,3,BE
BE232,ARR. DENDERMONDE,3,BE
BE233,ARR. EEKLO,3,BE
BE234,ARR. GENT,3,BE
BE235,ARR. OUDENAARDE,3,BE
BE236,ARR. SINT-NIKLAAS,3,BE
BE24,PROV. VLAAMS-BRABANT,2,BE
BE241,ARR. HALLE-VILVOORDE,3,BE
BE242,ARR. LEUVEN,3,BE
BE25,PROV. WEST-VLAANDEREN,2,BE
BE251,ARR. BRUGGE,3,BE
BE252,ARR. DIKSMUIDE,3,BE
BE253,ARR. IEPER,3,BE
BE254,ARR. KORTRIJK,3,BE
BE255,ARR. OOSTENDE,3,BE
BE256,ARR. ROESELARE,3,BE
BE257,ARR. TIELT,3,BE
BE258,ARR. VEURNE,3,BE
BE3,RÉGION WALLONNE,1,BE
BE31,PROV. BRABANT WALLON,2,BE
BE310,ARR. NIVELLES,3,BE
BE32,PROV. HAINAUT,2,BE
BE321,ARR. ATH,3,BE
BE322,ARR. CHARLEROI,3,BE
BE323,ARR. MONS,3,BE
BE324,ARR. MOUSCRON,3,BE
BE325,ARR. SOIGNIES,3,BE
BE326,ARR. THUIN,3,BE
BE327,ARR. TOURNAI,3,BE
BE33,PROV. LIÈGE,2,BE
BE331,ARR. HUY,3,BE
BE332,ARR. LIÈGE,3,BE
BE334,ARR. WAREMME,3,BE
BE335,ARR. VERVIERS - COMMUNES FRANCOPHONES,3,BE
BE336,BEZIRK VERVIERS - DEUTSCHSPRACHIGE GEMEINSCHAFT,3,BE
BE34,PROV. LUXEMBOURG (BE),2,BE
BE341,ARR. ARLON,3,BE
BE342,ARR. BASTOGNE,3,BE
BE343,ARR. MARCHE-EN-FAMENNE,3,BE
BE344,ARR. NEUFCHÂTEAU,3,BE
BE345,ARR. VIRTON,3,BE
BE35,PROV. NAMUR,2,BE
BE351,ARR. DINANT,3,BE
BE352,ARR. NAMUR,3,BE
BE353,ARR. PHILIPPEVILLE,3,BE
BEZ,EXTRA-REGIO NUTS 1,1,BE
BEZZ,EXTRA-REGIO NUTS 2,2,BE
BEZZZ,EXTRA-REGIO NUTS 3,3,BE
BG,БЪЛГАРИЯ (BULGARIA),0,BG
BG3,СЕВЕРНА И ЮГОИЗТОЧНА БЪЛГАРИЯ (SEVERNA I YUGOIZTOCHNA BULGARIA),1,BG
BG31,СЕВЕРОЗАПАДЕН (SEVEROZAPADEN),2,BG
BG311,ВИДИН (VIDIN),3,BG
BG312,МОНТАНА (MONTANA),3,BG
BG313,ВРАЦА (VRATSA),3,BG
BG314,ПЛЕВЕН (PLEVEN),3,BG
BG315,ЛОВЕЧ (LOVECH),3,BG
BG32,СЕВЕРЕН ЦЕНТРАЛЕН (SEVEREN TSENTRALEN),2,BG
BG321,ВЕЛИКО ТЪРНОВО (VELIKO TARNOVO),3,BG
BG322,ГАБРОВО (GABROVO),3,BG
BG323,РУСЕ (RUSE),3,BG
BG324,РАЗГРАД (RAZGRAD),3,BG
BG325,СИЛИСТРА (SILISTRA),3,BG
BG33,СЕВЕРОИЗТОЧЕН (SEVEROIZTOCHEN),2,BG
BG331,ВАРНА (VARNA),3,BG
BG332,ДОБРИЧ (DOBRICH),3,BG
BG333,ШУМЕН (SHUMEN),3,BG
BG334,ТЪРГОВИЩЕ (TARGOVISHTE),3,BG
BG34,ЮГОИЗТОЧЕН (YUGOIZTOCHEN),2,BG
BG341,БУРГАС (BURGAS),3,BG
BG342,СЛИВЕН (SLIVEN),3,BG
BG343,ЯМБОЛ (YAMBOL),3,BG
BG344,СТАРА ЗАГОРА (STARA ZAGORA),3,BG
BG4,ЮГОЗАПАДНА И ЮЖНА ЦЕНТРАЛНА БЪЛГАРИЯ (YUGOZAPADNA I YUZHNA TSENTRALNA BULGARIA),1,BG
BG41,ЮГОЗАПАДЕН (YUGOZAPADEN),2,BG
BG411,СОФИЯ (СТОЛИЦА) (SOFIA (STOLITSA)),3,BG
BG412,СОФИЯ (SOFIA),3,BG
BG413,БЛАГОЕВГРАД (BLAGOEVGRAD),3,BG
BG414,ПЕРНИК (PERNIK),3,BG
BG415,КЮСТЕНДИЛ (KYUSTENDIL),3,BG
BG42,ЮЖЕН ЦЕНТРАЛЕН (YUZHEN TSENTRALEN),2,BG
BG421,ПЛОВДИВ (PLOVDIV),3,BG
BG422,ХАСКОВО (HASKOVO),3,BG
BG423,ПАЗАРДЖИК (PAZARDZHIK),3,BG
BG424,СМОЛЯН (SMOLYAN),3,BG
BG425,КЪРДЖАЛИ (KARDZHALI),3,BG
BGZ,EXTRA-REGIO NUTS 1,1,BG
BGZZ,EXTRA-REGIO NUTS 2,2,BG
BGZZZ,EXTRA-REGIO NUTS 3,3,BG
CZ,ČESKÁ REPUBLIKA,0,CZ
CZ0,ČESKÁ REPUBLIKA,1,CZ
CZ01,PRAHA,2,CZ
CZ010,HLAVNÍ MĚSTO PRAHA,3,CZ
CZ02,STŘEDNÍ ČECHY,2,CZ
CZ020,STŘEDOČESKÝ KRAJ,3,CZ
CZ03,JIHOZÁPAD,2,CZ
CZ031,JIHOČESKÝ KRAJ,3,CZ
CZ032,PLZEŇSKÝ KRAJ,3,CZ
CZ04,SEVEROZÁPAD,2,CZ
CZ041,KARLOVARSKÝ KRAJ,3,CZ
CZ042,ÚSTECKÝ KRAJ,3,CZ
CZ05,SEVEROVÝCHOD,2,CZ
CZ051,LIBERECKÝ KRAJ,3,CZ
CZ052,KRÁLOVÉHRADECKÝ KRAJ,3,CZ
CZ053,PARDUBICKÝ KRAJ,3,CZ
CZ06,JIHOVÝCHOD,2,CZ
CZ063,KRAJ VYSOČINA,3,CZ
CZ064,JIHOMORAVSKÝ KRAJ,3,CZ
CZ07,STŘEDNÍ MORAVA,2,CZ
CZ071,OLOMOUCKÝ KRAJ,3,CZ
CZ072,ZLÍNSKÝ KRAJ,3,CZ
CZ08,MORAVSKOSLEZSKO,2,CZ
CZ080,MORAVSKOSLEZSKÝ KRAJ,3,CZ
CZZ,EXTRA-REGIO NUTS 1,1,CZ
CZZZ,EXTRA-REGIO NUTS 2,2,CZ
CZZZZ,EXTRA-REGIO NUTS 3,3,CZ
DK,DANMARK,0,DK
DK0,DANMARK,1,DK
DK01,HOVEDSTADEN,2,DK
DK011,BYEN KØBENHAVN,3,DK
DK012,KØBENHAVNS OMEGN,3,DK
DK013,NORDSJÆLLAND,3,DK
DK014,BORNHOLM,3,DK
DK02,SJÆLLAND,2,DK
DK021,ØSTSJÆLLAND,3,DK
DK022,VEST- OG SYDSJÆLLAND,3,DK
DK03,SYDDANMARK,2,DK
DK031,FYN,3,DK
DK032,SYDJYLLAND,3,DK
DK04,MIDTJYLLAND,2,DK
DK041,VESTJYLLAND,3,DK
DK042,ØSTJYLLAND,3,DK
DK05,NORDJYLLAND,2,DK
DK050,NORDJYLLAND,3,DK
DKZ,EXTRA-REGIO NUTS 1,1,DK
DKZZ,EXTRA-REGIO NUTS 2,2,DK
DKZZZ,EXTRA-REGIO NUTS 3,3,DK
DE,DEUTSCHLAND ,0,DE
DE1,BADEN-WÜRTTEMBERG,1,DE
DE11,STUTTGART,2,DE
DE111,"STUTTGART, STADTKREIS",3,DE
DE112,BÖBLINGEN,3,DE
DE113,ESSLINGEN,3,DE
DE114,GÖPPINGEN,3,DE
DE115,LUDWIGSBURG,3,DE
DE116,REMS-MURR-KREIS,3,DE
DE117,"HEILBRONN, STADTKREIS",3,DE
DE118,"HEILBRONN, LANDKREIS",3,DE
DE119,HOHENLOHEKREIS,3,DE
DE11A,SCHWÄBISCH HALL,3,DE
DE11B,MAIN-TAUBER-KREIS,3,DE
DE11C,HEIDENHEIM,3,DE
DE11D,OSTALBKREIS,3,DE
DE12,KARLSRUHE,2,DE
DE121,"BADEN-BADEN, STADTKREIS",3,DE
DE122,"KARLSRUHE, STADTKREIS",3,DE
DE123,"KARLSRUHE, LANDKREIS",3,DE
DE124,RASTATT,3,DE
DE125,"HEIDELBERG, STADTKREIS",3,DE
DE126,"MANNHEIM, STADTKREIS",3,DE
DE127,NECKAR-ODENWALD-KREIS,3,DE
DE128,RHEIN-NECKAR-KREIS,3,DE
DE129,"PFORZHEIM, STADTKREIS",3,DE
DE12A,CALW,3,DE
DE12B,ENZKREIS,3,DE
DE12C,FREUDENSTADT,3,DE
DE13,FREIBURG,2,DE
DE131,"FREIBURG IM BREISGAU, STADTKREIS",3,DE
DE132,BREISGAU-HOCHSCHWARZWALD,3,DE
DE133,EMMENDINGEN,3,DE
DE134,ORTENAUKREIS,3,DE
DE135,ROTTWEIL,3,DE
DE136,SCHWARZWALD-BAAR-KREIS,3,DE
DE137,TUTTLINGEN,3,DE
DE138,KONSTANZ,3,DE
DE139,LÖRRACH,3,DE
DE13A,WALDSHUT,3,DE
DE14,TÜBINGEN,2,DE
DE141,REUTLINGEN,3,DE
DE142,"TÜBINGEN, LANDKREIS",3,DE
DE143,ZOLLERNALBKREIS,3,DE
DE144,"ULM, STADTKREIS",3,DE
DE145,ALB-DONAU-KREIS,3,DE
DE146,BIBERACH,3,DE
DE147,BODENSEEKREIS,3,DE
DE148,RAVENSBURG,3,DE
DE149,SIGMARINGEN,3,DE
DE2,BAYERN,1,DE
DE21,OBERBAYERN,2,DE
DE211,"INGOLSTADT, KREISFREIE STADT",3,DE
DE212,"MÜNCHEN, KREISFREIE STADT",3,DE
DE213,"ROSENHEIM, KREISFREIE STADT",3,DE
DE214,ALTÖTTING,3,DE
DE215,BERCHTESGADENER LAND,3,DE
DE216,BAD TÖLZ-WOLFRATSHAUSEN,3,DE
DE217,DACHAU,3,DE
DE218,EBERSBERG,3,DE
DE219,EICHSTÄTT,3,DE
DE21A,ERDING,3,DE
DE21B,FREISING,3,DE
DE21C,FÜRSTENFELDBRUCK,3,DE
DE21D,GARMISCH-PARTENKIRCHEN,3,DE
DE21E,LANDSBERG AM LECH,3,DE
DE21F,MIESBACH,3,DE
DE21G,MÜHLDORF A. INN,3,DE
DE21H,"MÜNCHEN, LANDKREIS",3,DE
DE21I,NEUBURG-SCHROBENHAUSEN,3,DE
DE21J,PFAFFENHOFEN A. D. ILM,3,DE
DE21K,"ROSENHEIM, LANDKREIS",3,DE
DE21L,STARNBERG,3,DE
DE21M,TRAUNSTEIN,3,DE
DE21N,WEILHEIM-SCHONGAU,3,DE
DE22,NIEDERBAYERN,2,DE
DE221,"LANDSHUT, KREISFREIE STADT",3,DE
DE222,"PASSAU, KREISFREIE STADT",3,DE
DE223,"STRAUBING, KREISFREIE STADT",3,DE
DE224,DEGGENDORF,3,DE
DE225,FREYUNG-GRAFENAU,3,DE
DE226,KELHEIM,3,DE
DE227,"LANDSHUT, LANDKREIS",3,DE
DE228,"PASSAU, LANDKREIS",3,DE
DE229,REGEN,3,DE
DE22A,ROTTAL-INN,3,DE
DE22B,STRAUBING-BOGEN,3,DE
DE22C,DINGOLFING-LANDAU,3,DE
DE23,OBERPFALZ,2,DE
DE231,"AMBERG, KREISFREIE STADT",3,DE
DE232,"REGENSBURG, KREISFREIE STADT",3,DE
DE233,"WEIDEN I. D. OPF, KREISFREIE STADT",3,DE
DE234,AMBERG-SULZBACH,3,DE
DE235,CHAM,3,DE
DE236,NEUMARKT I. D. OPF.,3,DE
DE237,NEUSTADT A. D. WALDNAAB,3,DE
DE238,"REGENSBURG, LANDKREIS",3,DE
DE239,SCHWANDORF,3,DE
DE23A,TIRSCHENREUTH,3,DE
DE24,OBERFRANKEN,2,DE
DE241,"BAMBERG, KREISFREIE STADT",3,DE
DE242,"BAYREUTH, KREISFREIE STADT",3,DE
DE243,"COBURG, KREISFREIE STADT",3,DE
DE244,"HOF, KREISFREIE STADT",3,DE
DE245,"BAMBERG, LANDKREIS",3,DE
DE246,"BAYREUTH, LANDKREIS",3,DE
DE247,"COBURG, LANDKREIS",3,DE
DE248,FORCHHEIM,3,DE
DE249,"HOF, LANDKREIS",3,DE
DE24A,KRONACH,3,DE
DE24B,KULMBACH,3,DE
DE24C,LICHTENFELS,3,DE
DE24D,WUNSIEDEL I. FICHTELGEBIRGE,3,DE
DE25,MITTELFRANKEN,2,DE
DE251,"ANSBACH, KREISFREIE STADT",3,DE
DE252,"ERLANGEN, KREISFREIE STADT",3,DE
DE253,"FÜRTH, KREISFREIE STADT",3,DE
DE254,"NÜRNBERG, KREISFREIE STADT",3,DE
DE255,"SCHWABACH, KREISFREIE STADT",3,DE
DE256,"ANSBACH, LANDKREIS",3,DE
DE257,ERLANGEN-HÖCHSTADT,3,DE
DE258,"FÜRTH, LANDKREIS",3,DE
DE259,NÜRNBERGER LAND,3,DE
DE25A,NEUSTADT A. D. AISCH-BAD WINDSHEIM,3,DE
DE25B,ROTH,3,DE
DE25C,WEIßENBURG-GUNZENHAUSEN,3,DE
DE26,UNTERFRANKEN,2,DE
DE261,"ASCHAFFENBURG, KREISFREIE STADT",3,DE
DE262,"SCHWEINFURT, KREISFREIE STADT",3,DE
DE263,"WÜRZBURG, KREISFREIE STADT",3,DE
DE264,"ASCHAFFENBURG, LANDKREIS",3,DE
DE265,BAD KISSINGEN,3,DE
DE266,RHÖN-GRABFELD,3,DE
DE267,HAßBERGE,3,DE
DE268,KITZINGEN,3,DE
DE269,MILTENBERG,3,DE
DE26A,MAIN-SPESSART,3,DE
DE26B,"SCHWEINFURT, LANDKREIS",3,DE
DE26C,"WÜRZBURG, LANDKREIS",3,DE
DE27,SCHWABEN,2,DE
DE271,"AUGSBURG, KREISFREIE STADT",3,DE
DE272,"KAUFBEUREN, KREISFREIE STADT",3,DE
DE273,"KEMPTEN (ALLGÄU), KREISFREIE STADT",3,DE
DE274,"MEMMINGEN, KREISFREIE STADT",3,DE
DE275,AICHACH-FRIEDBERG,3,DE
DE276,"AUGSBURG, LANDKREIS",3,DE
DE277,DILLINGEN A.D. DONAU,3,DE
DE278,GÜNZBURG,3,DE
DE279,NEU-ULM,3,DE
DE27A,LINDAU (BODENSEE),3,DE
DE27B,OSTALLGÄU,3,DE
DE27C,UNTERALLGÄU,3,DE
DE27D,DONAU-RIES,3,DE
DE27E,OBERALLGÄU,3,DE
DE3,BERLIN,1,DE
DE30,BERLIN,2,DE
DE300,BERLIN,3,DE
DE4,BRANDENBURG,1,DE
DE40,BRANDENBURG,2,DE
DE401,"BRANDENBURG AN DER HAVEL, KREISFREIE STADT",3,DE
DE402,"COTTBUS, KREISFREIE STADT",3,DE
DE403,"FRANKFURT (ODER), KREISFREIE STADT",3,DE
DE404,"POTSDAM, KREISFREIE STADT",3,DE
DE405,BARNIM,3,DE
DE406,DAHME-SPREEWALD,3,DE
DE407,ELBE-ELSTER,3,DE
DE408,HAVELLAND,3,DE
DE409,MÄRKISCH-ODERLAND,3,DE
DE40A,OBERHAVEL,3,DE
DE40B,OBERSPREEWALD-LAUSITZ,3,DE
DE40C,ODER-SPREE,3,DE
DE40D,OSTPRIGNITZ-RUPPIN,3,DE
DE40E,POTSDAM-MITTELMARK,3,DE
DE40F,PRIGNITZ,3,DE
DE40G,SPREE-NEIßE,3,DE
DE40H,TELTOW-FLÄMING,3,DE
DE40I,UCKERMARK,3,DE
DE5,BREMEN,1,DE
DE50,BREMEN,2,DE
DE501,"BREMEN, KREISFREIE STADT",3,DE
DE502,"BREMERHAVEN, KREISFREIE STADT",3,DE
DE6,HAMBURG,1,DE
DE60,HAMBURG,2,DE
DE600,HAMBURG,3,DE
DE7,HESSEN,1,DE
DE71,DARMSTADT,2,DE
DE711,"DARMSTADT, KREISFREIE STADT",3,DE
DE712,"FRANKFURT AM MAIN, KREISFREIE STADT",3,DE
DE713,"OFFENBACH AM MAIN, KREISFREIE STADT",3,DE
DE714,"WIESBADEN, KREISFREIE STADT",3,DE
DE715,BERGSTRAßE,3,DE
DE716,DARMSTADT-DIEBURG,3,DE
DE717,GROß-GERAU,3,DE
DE718,HOCHTAUNUSKREIS,3,DE
DE719,MAIN-KINZIG-KREIS,3,DE
DE71A,MAIN-TAUNUS-KREIS,3,DE
DE71B,ODENWALDKREIS,3,DE
DE71C,"OFFENBACH, LANDKREIS",3,DE
DE71D,RHEINGAU-TAUNUS-KREIS,3,DE
DE71E,WETTERAUKREIS,3,DE
DE72,GIEßEN,2,DE
DE721,"GIEßEN, LANDKREIS",3,DE
DE722,LAHN-DILL-KREIS,3,DE
DE723,LIMBURG-WEILBURG,3,DE
DE724,MARBURG-BIEDENKOPF,3,DE
DE725,VOGELSBERGKREIS,3,DE
DE73,KASSEL,2,DE
DE731,"KASSEL, KREISFREIE STADT",3,DE
DE732,FULDA,3,DE
DE733,HERSFELD-ROTENBURG,3,DE
DE734,"KASSEL, LANDKREIS",3,DE
DE735,SCHWALM-EDER-KREIS,3,DE
DE736,WALDECK-FRANKENBERG,3,DE
DE737,WERRA-MEIßNER-KREIS,3,DE
DE8,MECKLENBURG-VORPOMMERN,1,DE
DE80,MECKLENBURG-VORPOMMERN,2,DE
DE803,"ROSTOCK, KREISFREIE STADT",3,DE
DE804,"SCHWERIN, KREISFREIE STADT",3,DE
DE80J,MECKLENBURGISCHE SEENPLATTE,3,DE
DE80K,LANDKREIS ROSTOCK,3,DE
DE80L,VORPOMMERN-RÜGEN,3,DE
DE80M,NORDWESTMECKLENBURG,3,DE
DE80N,VORPOMMERN-GREIFSWALD,3,DE
DE80O,LUDWIGSLUST-PARCHIM,3,DE
DE9,NIEDERSACHSEN,1,DE
DE91,BRAUNSCHWEIG,2,DE
DE911,"BRAUNSCHWEIG, KREISFREIE STADT",3,DE
DE912,"SALZGITTER, KREISFREIE STADT",3,DE
DE913,"WOLFSBURG, KREISFREIE STADT",3,DE
DE914,GIFHORN,3,DE
DE915,GÖTTINGEN,3,DE
DE916,GOSLAR,3,DE
DE917,HELMSTEDT,3,DE
DE918,NORTHEIM,3,DE
DE919,OSTERODE AM HARZ,3,DE
DE91A,PEINE,3,DE
DE91B,WOLFENBÜTTEL,3,DE
DE92,HANNOVER,2,DE
DE922,DIEPHOLZ,3,DE
DE923,HAMELN-PYRMONT,3,DE
DE925,HILDESHEIM,3,DE
DE926,HOLZMINDEN,3,DE
DE927,NIENBURG (WESER),3,DE
DE928,SCHAUMBURG,3,DE
DE929,REGION HANNOVER,3,DE
DE93,LÜNEBURG,2,DE
DE931,CELLE,3,DE
DE932,CUXHAVEN,3,DE
DE933,HARBURG,3,DE
DE934,LÜCHOW-DANNENBERG,3,DE
DE935,"LÜNEBURG, LANDKREIS",3,DE
DE936,OSTERHOLZ,3,DE
DE937,ROTENBURG (WÜMME),3,DE
DE938,HEIDEKREIS,3,DE
DE939,STADE,3,DE
DE93A,UELZEN,3,DE
DE93B,VERDEN,3,DE
DE94,WESER-EMS,2,DE
DE941,"DELMENHORST, KREISFREIE STADT",3,DE
DE942,"EMDEN, KREISFREIE STADT",3,DE
DE943,"OLDENBURG (OLDENBURG), KREISFREIE STADT",3,DE
DE944,"OSNABRÜCK, KREISFREIE STADT",3,DE
DE945,"WILHELMSHAVEN, KREISFREIE STADT",3,DE
DE946,AMMERLAND,3,DE
DE947,AURICH,3,DE
DE948,CLOPPENBURG,3,DE
DE949,EMSLAND,3,DE
DE94A,FRIESLAND (DE),3,DE
DE94B,GRAFSCHAFT BENTHEIM,3,DE
DE94C,LEER,3,DE
DE94D,"OLDENBURG, LANDKREIS",3,DE
DE94E,"OSNABRÜCK, LANDKREIS",3,DE
DE94F,VECHTA,3,DE
DE94G,WESERMARSCH,3,DE
DE94H,WITTMUND,3,DE
DEA,NORDRHEIN-WESTFALEN,1,DE
DEA1,DÜSSELDORF,2,DE
DEA11,"DÜSSELDORF, KREISFREIE STADT",3,DE
DEA12,"DUISBURG, KREISFREIE STADT",3,DE
DEA13,"ESSEN, KREISFREIE STADT",3,DE
DEA14,"KREFELD, KREISFREIE STADT",3,DE
DEA15,"MÖNCHENGLADBACH, KREISFREIE STADT",3,DE
DEA16,"MÜLHEIM AN DER RUHR,KREISFREIE STADT",3,DE
DEA17,"OBERHAUSEN, KREISFREIE STADT",3,DE
DEA18,"REMSCHEID, KREISFREIE STADT",3,DE
DEA19,"SOLINGEN, KREISFREIE STADT",3,DE
DEA1A,"WUPPERTAL, KREISFREIE STADT",3,DE
DEA1B,KLEVE,3,DE
DEA1C,METTMANN,3,DE
DEA1D,RHEIN-KREIS NEUSS,3,DE
DEA1E,VIERSEN,3,DE
DEA1F,WESEL,3,DE
DEA2,KÖLN,2,DE
DEA22,"BONN, KREISFREIE STADT",3,DE
DEA23,"KÖLN, KREISFREIE STADT",3,DE
DEA24,"LEVERKUSEN, KREISFREIE STADT",3,DE
DEA26,DÜREN,3,DE
DEA27,RHEIN-ERFT-KREIS,3,DE
DEA28,EUSKIRCHEN,3,DE
DEA29,HEINSBERG,3,DE
DEA2A,OBERBERGISCHER KREIS,3,DE
DEA2B,RHEINISCH-BERGISCHER KREIS,3,DE
DEA2C,RHEIN-SIEG-KREIS,3,DE
DEA2D,STÄDTEREGION AACHEN,3,DE
DEA3,MÜNSTER,2,DE
DEA31,"BOTTROP, KREISFREIE STADT",3,DE
DEA32,"GELSENKIRCHEN, KREISFREIE STADT",3,DE
DEA33,"MÜNSTER, KREISFREIE STADT",3,DE
DEA34,BORKEN,3,DE
DEA35,COESFELD,3,DE
DEA36,RECKLINGHAUSEN,3,DE
DEA37,STEINFURT,3,DE
DEA38,WARENDORF,3,DE
DEA4,DETMOLD,2,DE
DEA41,"BIELEFELD, KREISFREIE STADT",3,DE
DEA42,GÜTERSLOH,3,DE
DEA43,HERFORD,3,DE
DEA44,HÖXTER,3,DE
DEA45,LIPPE,3,DE
DEA46,MINDEN-LÜBBECKE,3,DE
DEA47,PADERBORN,3,DE
DEA5,ARNSBERG,2,DE
DEA51,"BOCHUM, KREISFREIE STADT",3,DE
DEA52,"DORTMUND, KREISFREIE STADT",3,DE
DEA53,"HAGEN, KREISFREIE STADT",3,DE
DEA54,"HAMM, KREISFREIE STADT",3,DE
DEA55,"HERNE, KREISFREIE STADT",3,DE
DEA56,ENNEPE-RUHR-KREIS,3,DE
DEA57,HOCHSAUERLANDKREIS,3,DE
DEA58,MÄRKISCHER KREIS,3,DE
DEA59,OLPE,3,DE
DEA5A,SIEGEN-WITTGENSTEIN,3,DE
DEA5B,SOEST,3,DE
DEA5C,UNNA,3,DE
DEB,RHEINLAND-PFALZ,1,DE
DEB1,KOBLENZ,2,DE
DEB11,"KOBLENZ, KREISFREIE STADT",3,DE
DEB12,AHRWEILER,3,DE
DEB13,ALTENKIRCHEN (WESTERWALD),3,DE
DEB14,BAD KREUZNACH,3,DE
DEB15,BIRKENFELD,3,DE
DEB16,COCHEM-ZELL,3,DE
DEB17,MAYEN-KOBLENZ,3,DE
DEB18,NEUWIED,3,DE
DEB19,RHEIN-HUNSRÜCK-KREIS,3,DE
DEB1A,RHEIN-LAHN-KREIS,3,DE
DEB1B,WESTERWALDKREIS,3,DE
DEB2,TRIER,2,DE
DEB21,"TRIER, KREISFREIE STADT",3,DE
DEB22,BERNKASTEL-WITTLICH,3,DE
DEB23,EIFELKREIS BITBURG-PRÜM,3,DE
DEB24,VULKANEIFEL,3,DE
DEB25,TRIER-SAARBURG,3,DE
DEB3,RHEINHESSEN-PFALZ,2,DE
DEB31,"FRANKENTHAL (PFALZ), KREISFREIE STADT",3,DE
DEB32,"KAISERSLAUTERN, KREISFREIE STADT",3,DE
DEB33,"LANDAU IN DER PFALZ, KREISFREIE STADT",3,DE
DEB34,"LUDWIGSHAFEN AM RHEIN, KREISFREIE STADT",3,DE
DEB35,"MAINZ, KREISFREIE STADT",3,DE
DEB36,"NEUSTADT AN DER WEINSTRAßE, KREISFREIE STADT",3,DE
DEB37,"PIRMASENS, KREISFREIE STADT",3,DE
DEB38,"SPEYER, KREISFREIE STADT",3,DE
DEB39,"WORMS, KREISFREIE STADT",3,DE
DEB3A,"ZWEIBRÜCKEN, KREISFREIE STADT",3,DE
DEB3B,ALZEY-WORMS,3,DE
DEB3C,BAD DÜRKHEIM,3,DE
DEB3D,DONNERSBERGKREIS,3,DE
DEB3E,GERMERSHEIM,3,DE
DEB3F,"KAISERSLAUTERN, LANDKREIS",3,DE
DEB3G,KUSEL,3,DE
DEB3H,SÜDLICHE WEINSTRAßE,3,DE
DEB3I,RHEIN-PFALZ-KREIS,3,DE
DEB3J,MAINZ-BINGEN,3,DE
DEB3K,SÜDWESTPFALZ,3,DE
DEC,SAARLAND,1,DE
DEC0,SAARLAND,2,DE
DEC01,REGIONALVERBAND SAARBRÜCKEN,3,DE
DEC02,MERZIG-WADERN,3,DE
DEC03,NEUNKIRCHEN,3,DE
DEC04,SAARLOUIS,3,DE
DEC05,SAARPFALZ-KREIS,3,DE
DEC06,ST. WENDEL,3,DE
DED,SACHSEN,1,DE
DED2,DRESDEN,2,DE
DED21,"DRESDEN, KREISFREIE STADT",3,DE
DED2C,BAUTZEN,3,DE
DED2D,GÖRLITZ,3,DE
DED2E,MEIßEN,3,DE
DED2F,SÄCHSISCHE SCHWEIZ-OSTERZGEBIRGE,3,DE
DED4,CHEMNITZ,2,DE
DED41,"CHEMNITZ, KREISFREIE STADT",3,DE
DED42,ERZGEBIRGSKREIS,3,DE
DED43,MITTELSACHSEN,3,DE
DED44,VOGTLANDKREIS,3,DE
DED45,ZWICKAU,3,DE
DED5,LEIPZIG,2,DE
DED51,"LEIPZIG, KREISFREIE STADT",3,DE
DED52,LEIPZIG,3,DE
DED53,NORDSACHSEN,3,DE
DEE,SACHSEN-ANHALT,1,DE
DEE0,SACHSEN-ANHALT,2,DE
DEE01,"DESSAU-ROßLAU, KREISFREIE STADT",3,DE
DEE02,"HALLE (SAALE), KREISFREIE STADT",3,DE
DEE03,"MAGDEBURG, KREISFREIE STADT",3,DE
DEE04,ALTMARKKREIS SALZWEDEL,3,DE
DEE05,ANHALT-BITTERFELD,3,DE
DEE06,JERICHOWER LAND,3,DE
DEE07,BÖRDE,3,DE
DEE08,BURGENLANDKREIS,3,DE
DEE09,HARZ,3,DE
DEE0A,MANSFELD-SÜDHARZ,3,DE
DEE0B,SAALEKREIS,3,DE
DEE0C,SALZLANDKREIS,3,DE
DEE0D,STENDAL,3,DE
DEE0E,WITTENBERG,3,DE
DEF,SCHLESWIG-HOLSTEIN,1,DE
DEF0,SCHLESWIG-HOLSTEIN,2,DE
DEF01,"FLENSBURG, KREISFREIE STADT",3,DE
DEF02,"KIEL, KREISFREIE STADT",3,DE
DEF03,"LÜBECK, KREISFREIE STADT",3,DE
DEF04,"NEUMÜNSTER, KREISFREIE STADT",3,DE
DEF05,DITHMARSCHEN,3,DE
DEF06,HERZOGTUM LAUENBURG,3,DE
DEF07,NORDFRIESLAND,3,DE
DEF08,OSTHOLSTEIN,3,DE
DEF09,PINNEBERG,3,DE
DEF0A,PLÖN,3,DE
DEF0B,RENDSBURG-ECKERNFÖRDE,3,DE
DEF0C,SCHLESWIG-FLENSBURG,3,DE
DEF0D,SEGEBERG,3,DE
DEF0E,STEINBURG,3,DE
DEF0F,STORMARN,3,DE
DEG,THÜRINGEN,1,DE
DEG0,THÜRINGEN,2,DE
DEG01,"ERFURT, KREISFREIE STADT",3,DE
DEG02,"GERA, KREISFREIE STADT",3,DE
DEG03,"JENA, KREISFREIE STADT",3,DE
DEG04,"SUHL, KREISFREIE STADT",3,DE
DEG05,"WEIMAR, KREISFREIE STADT",3,DE
DEG06,EICHSFELD,3,DE
DEG07,NORDHAUSEN,3,DE
DEG09,UNSTRUT-HAINICH-KREIS,3,DE
DEG0A,KYFFHÄUSERKREIS,3,DE
DEG0B,SCHMALKALDEN-MEININGEN,3,DE
DEG0C,GOTHA,3,DE
DEG0D,SÖMMERDA,3,DE
DEG0E,HILDBURGHAUSEN,3,DE
DEG0F,ILM-KREIS,3,DE
DEG0G,WEIMARER LAND,3,DE
DEG0H,SONNEBERG,3,DE
DEG0I,SAALFELD-RUDOLSTADT,3,DE
DEG0J,SAALE-HOLZLAND-KREIS,3,DE
DEG0K,SAALE-ORLA-KREIS,3,DE
DEG0L,GREIZ,3,DE
DEG0M,ALTENBURGER LAND,3,DE
DEG0N,"EISENACH, KREISFREIE STADT",3,DE
DEG0P,WARTBURGKREIS,3,DE
DEZ,EXTRA-REGIO NUTS 1,1,DE
DEZZ,EXTRA-REGIO NUTS 2,2,DE
DEZZZ,EXTRA-REGIO NUTS 3,3,DE
EE,EESTI,0,EE
EE0,EESTI,1,EE
EE00,EESTI,2,EE
EE001,PÕHJA-EESTI,3,EE
EE004,LÄÄNE-EESTI,3,EE
EE006,KESK-EESTI,3,EE
EE007,KIRDE-EESTI,3,EE
EE008,LÕUNA-EESTI,3,EE
EEZ,EXTRA-REGIO NUTS 1,1,EE
EEZZ,EXTRA-REGIO NUTS 2,2,EE
EEZZZ,EXTRA-REGIO NUTS 3,3,EE
IE,IRELAND,0,IE
IE0,IRELAND,1,IE
IE01,"BORDER, MIDLAND AND WESTERN",2,IE
IE011,BORDER,3,IE
IE012,MIDLAND,3,IE
IE013,WEST,3,IE
IE02,SOUTHERN AND EASTERN,2,IE
IE021,DUBLIN,3,IE
IE022,MID-EAST,3,IE
IE023,MID-WEST,3,IE
IE024,SOUTH-EAST (IE),3,IE
IE025,SOUTH-WEST (IE),3,IE
IEZ,EXTRA-REGIO NUTS 1,1,IE
IEZZ,EXTRA-REGIO NUTS 2,2,IE
IEZZZ,EXTRA-REGIO NUTS 3,3,IE
EL,ΕΛΛΑΔΑ (ELLADA),0,EL
EL3,ATTIKΗ (ATTIKI),1,EL
EL30,AΤΤΙΚΉ (ATTIKI),2,EL
EL301,ΒΌΡΕΙΟς ΤΟΜΈΑς ΑΘΗΝΏΝ (VOREIOS TOMEAS ATHINON),3,EL
EL302,ΔΥΤΙΚΌς ΤΟΜΈΑς ΑΘΗΝΏΝ (DYTIKOS TOMEAS ATHINON),3,EL
EL303,ΚΕΝΤΡΙΚΌς ΤΟΜΈΑς ΑΘΗΝΏΝ (KENTRIKOS TOMEAS ATHINON),3,EL
EL304,ΝΌΤΙΟς ΤΟΜΈΑς ΑΘΗΝΏΝ (NOTIOS TOMEAS ATHINON),3,EL
EL305,ΑΝΑΤΟΛΙΚΉ ΑΤΤΙΚΉ (ANATOLIKI ATTIKI),3,EL
EL306,ΔΥΤΙΚΉ ΑΤΤΙΚΉ (DYTIKI ATTIKI),3,EL
EL307,"ΠΕΙΡΑΙΆς, ΝΉΣΟΙ (PEIRAIAS, NISOI)",3,EL
EL4,"NΗΣΙΑ ΑΙΓΑΙΟΥ, KΡΗΤΗ (NISIA AIGAIOU, KRITI)",1,EL
EL41,ΒΌΡΕΙΟ ΑΙΓΑΊΟ (VOREIO AIGAIO),2,EL
EL411,"ΛΈΣΒΟς, ΛΉΜΝΟς (LESVOS, LIMNOS)",3,EL
EL412,"ΙΚΑΡΊΑ, ΣΆΜΟς (IKARIA, SAMOS)",3,EL
EL413,ΧΊΟς (CHIOS),3,EL
EL42,ΝΌΤΙΟ ΑΙΓΑΊΟ (NOTIO AIGAIO),2,EL
EL421,"ΚΆΛΥΜΝΟς, ΚΆΡΠΑΘΟς, ΚΩς, ΡΌΔΟς (KALYMNOS, KARPATHOS, KOS, RODOS)",3,EL
EL422,"ΆΝΔΡΟς, ΘΉΡΑ, ΚΈΑ, ΜΉΛΟς, ΜΎΚΟΝΟς, ΝΆΞΟς, ΠΆΡΟς, ΣΎΡΟς, ΤΉΝΟς (ANDROS, THIRA, KEA, MILOS, MYKONOS, NAXOS, PAROS,  SYROS, TINOS)",3,EL
EL43,ΚΡΉΤΗ (KRITI),2,EL
EL431,ΗΡΆΚΛΕΙΟ (IRAKLEIO),3,EL
EL432,ΛΑΣΊΘΙ (LASITHI),3,EL
EL433,ΡΕΘΎΜΝΗ (RETHYMNI),3,EL
EL434,ΧΑΝΙΆ (CHANIA),3,EL
EL5,ΒΟΡΕΙΑ ΕΛΛΑΔΑ (VOREIA ELLADA),1,EL
EL51,"AΝΑΤΟΛΙΚΉ ΜΑΚΕΔΟΝΊΑ, ΘΡΆΚΗ (ANATOLIKI MAKEDONIA, THRAKI)",2,EL
EL511,ΈΒΡΟς (EVROS),3,EL
EL512,ΞΆΝΘΗ (XANTHI),3,EL
EL513,ΡΟΔΌΠΗ (RODOPI),3,EL
EL514,ΔΡΆΜΑ (DRAMA),3,EL
EL515,"ΘΆΣΟς, ΚΑΒΆΛΑ (THASOS, KAVALA)",3,EL
EL52,ΚΕΝΤΡΙΚΉ ΜΑΚΕΔΟΝΊΑ (KENTRIKI MAKEDONIA),2,EL
EL521,ΗΜΑΘΊΑ (IMATHIA),3,EL
EL522,ΘΕΣΣΑΛΟΝΊΚΗ (THESSALONIKI),3,EL
EL523,ΚΙΛΚΊς (KILKIS),3,EL
EL524,ΠΈΛΛΑ (PELLA),3,EL
EL525,ΠΙΕΡΊΑ (PIERIA),3,EL
EL526,ΣΈΡΡΕς (SERRES),3,EL
EL527,ΧΑΛΚΙΔΙΚΉ (CHALKIDIKI),3,EL
EL53,ΔΥΤΙΚΉ ΜΑΚΕΔΟΝΊΑ (DYTIKI MAKEDONIA),2,EL
EL531,"ΓΡΕΒΕΝΆ, ΚΟΖΆΝΗ (GREVENA, KOZANI)",3,EL
EL532,ΚΑΣΤΟΡΙΆ (KASTORIA),3,EL
EL533,ΦΛΏΡΙΝΑ (FLORINA),3,EL
EL54,ΉΠΕΙΡΟς (IPEIROS),2,EL
EL541,"ΆΡΤΑ, ΠΡΈΒΕΖΑ (ARTA, PREVEZA)",3,EL
EL542,ΘΕΣΠΡΩΤΊΑ (THESPROTIA),3,EL
EL543,ΙΩΆΝΝΙΝΑ (IOANNINA),3,EL
EL6,ΚΕΝΤΡΙΚΗ ΕΛΛΑΔΑ (KENTRIKI ELLADA),1,EL
EL61,ΘΕΣΣΑΛΊΑ (THESSALIA),2,EL
EL611,"ΚΑΡΔΊΤΣΑ, ΤΡΊΚΑΛΑ (KARDITSA, TRIKALA)",3,EL
EL612,ΛΆΡΙΣΑ (LARISA),3,EL
EL613,"ΜΑΓΝΗΣΊΑ, ΣΠΟΡΆΔΕς (MAGNISIA, SPORADES)",3,EL
EL62,ΙΌΝΙΑ ΝΗΣΙΆ (IONIA NISIA),2,EL
EL621,ΖΆΚΥΝΘΟς (ZAKYNTHOS),3,EL
EL622,ΚΈΡΚΥΡΑ (KERKYRA),3,EL
EL623,"ΙΘΆΚΗ, ΚΕΦΑΛΛΗΝΊΑ (ITHAKI, KEFALLINIA)",3,EL
EL624,ΛΕΥΚΆΔΑ (LEFKADA),3,EL
EL63,ΔΥΤΙΚΉ ΕΛΛΆΔΑ (DYTIKI ELLADA),2,EL
EL631,ΑΙΤΩΛΟΑΚΑΡΝΑΝΊΑ (AITOLOAKARNANIA),3,EL
EL632,ΑΧΑΐΑ (ACHAIA),3,EL
EL633,ΗΛΕΊΑ (ILEIA),3,EL
EL64,ΣΤΕΡΕΆ ΕΛΛΆΔΑ (STEREA ELLADA),2,EL
EL641,ΒΟΙΩΤΊΑ (VOIOTIA),3,EL
EL642,ΕΎΒΟΙΑ (EVVOIA),3,EL
EL643,ΕΥΡΥΤΑΝΊΑ (EVRYTANIA),3,EL
EL644,ΦΘΙΏΤΙΔΑ (FTHIOTIDA),3,EL
EL645,ΦΩΚΊΔΑ (FOKIDA),3,EL
EL65,ΠΕΛΟΠΌΝΝΗΣΟς (PELOPONNISOS),2,EL
EL651,"ΑΡΓΟΛΊΔΑ, ΑΡΚΑΔΊΑ (ARGOLIDA, ARKADIA)",3,EL
EL652,ΚΟΡΙΝΘΊΑ (KORINTHIA),3,EL
EL653,"ΛΑΚΩΝΊΑ, ΜΕΣΣΗΝΊΑ (LAKONIA, MESSINIA)",3,EL
ELZ,EXTRA-REGIO NUTS 1,1,EL
ELZZ,EXTRA-REGIO NUTS 2,2,EL
ELZZZ,EXTRA-REGIO NUTS 3,3,EL
ES,ESPAÑA ,0,ES
ES1,NOROESTE,1,ES
ES11,GALICIA,2,ES
ES111,A CORUÑA,3,ES
ES112,LUGO,3,ES
ES113,OURENSE,3,ES
ES114,PONTEVEDRA,3,ES
ES12,PRINCIPADO DE ASTURIAS,2,ES
ES120,ASTURIAS,3,ES
ES13,CANTABRIA,2,ES
ES130,CANTABRIA,3,ES
ES2,NORESTE,1,ES
ES21,PAÍS VASCO,2,ES
ES211,ARABA/ÁLAVA,3,ES
ES212,GIPUZKOA,3,ES
ES213,BIZKAIA,3,ES
ES22,COMUNIDAD FORAL DE NAVARRA,2,ES
ES220,NAVARRA,3,ES
ES23,LA RIOJA,2,ES
ES230,LA RIOJA,3,ES
ES24,ARAGÓN,2,ES
ES241,HUESCA,3,ES
ES242,TERUEL,3,ES
ES243,ZARAGOZA,3,ES
ES3,COMUNIDAD DE MADRID,1,ES
ES30,COMUNIDAD DE MADRID,2,ES
ES300,MADRID,3,ES
ES4,CENTRO (ES),1,ES
ES41,CASTILLA Y LEÓN,2,ES
ES411,ÁVILA,3,ES
ES412,BURGOS,3,ES
ES413,LEÓN,3,ES
ES414,PALENCIA,3,ES
ES415,SALAMANCA,3,ES
ES416,SEGOVIA,3,ES
ES417,SORIA,3,ES
ES418,VALLADOLID,3,ES
ES419,ZAMORA,3,ES
ES42,CASTILLA-LA MANCHA,2,ES
ES421,ALBACETE,3,ES
ES422,CIUDAD REAL,3,ES
ES423,CUENCA,3,ES
ES424,GUADALAJARA,3,ES
ES425,TOLEDO,3,ES
ES43,EXTREMADURA,2,ES
ES431,BADAJOZ,3,ES
ES432,CÁCERES,3,ES
ES5,ESTE,1,ES
ES51,CATALUÑA,2,ES
ES511,BARCELONA,3,ES
ES512,GIRONA,3,ES
ES513,LLEIDA,3,ES
ES514,TARRAGONA,3,ES
ES52,COMUNIDAD VALENCIANA,2,ES
ES521,ALICANTE / ALACANT,3,ES
ES522,CASTELLÓN / CASTELLÓ,3,ES
ES523,VALENCIA / VALÈNCIA,3,ES
ES53,ILLES BALEARS,2,ES
ES531,EIVISSA Y FORMENTERA,3,ES
ES532,MALLORCA,3,ES
ES533,MENORCA,3,ES
ES6,SUR,1,ES
ES61,ANDALUCÍA,2,ES
ES611,ALMERÍA,3,ES
ES612,CÁDIZ,3,ES
ES613,CÓRDOBA,3,ES
ES614,GRANADA,3,ES
ES615,HUELVA,3,ES
ES616,JAÉN,3,ES
ES617,MÁLAGA,3,ES
ES618,SEVILLA,3,ES
ES62,REGIÓN DE MURCIA,2,ES
ES620,MURCIA,3,ES
ES63,CIUDAD AUTÓNOMA DE CEUTA,2,ES
ES630,CEUTA,3,ES
ES64,CIUDAD AUTÓNOMA DE MELILLA,2,ES
ES640,MELILLA,3,ES
ES7,CANARIAS,1,ES
ES70,CANARIAS,2,ES
ES703,EL HIERRO,3,ES
ES704,FUERTEVENTURA,3,ES
ES705,GRAN CANARIA,3,ES
ES706,LA GOMERA,3,ES
ES707,LA PALMA,3,ES
ES708,LANZAROTE,3,ES
ES709,TENERIFE,3,ES
ESZ,EXTRA-REGIO NUTS 1,1,ES
ESZZ,EXTRA-REGIO NUTS 2,2,ES
ESZZZ,EXTRA-REGIO NUTS 3,3,ES
FR,FRANCE,0,FR
FR1,ÎLE DE FRANCE,1,FR
FR10,ÎLE DE FRANCE,2,FR
FR101,PARIS,3,FR
FR102,SEINE-ET-MARNE,3,FR
FR103,YVELINES,3,FR
FR104,ESSONNE,3,FR
FR105,HAUTS-DE-SEINE,3,FR
FR106,SEINE-SAINT-DENIS,3,FR
FR107,VAL-DE-MARNE,3,FR
FR108,VAL-D'OISE,3,FR
FR2,BASSIN PARISIEN,1,FR
FR21,CHAMPAGNE-ARDENNE,2,FR
FR211,ARDENNES,3,FR
FR212,AUBE,3,FR
FR213,MARNE,3,FR
FR214,HAUTE-MARNE,3,FR
FR22,PICARDIE,2,FR
FR221,AISNE,3,FR
FR222,OISE,3,FR
FR223,SOMME,3,FR
FR23,HAUTE-NORMANDIE,2,FR
FR231,EURE,3,FR
FR232,SEINE-MARITIME,3,FR
FR24,CENTRE,2,FR
FR241,CHER,3,FR
FR242,EURE-ET-LOIR,3,FR
FR243,INDRE,3,FR
FR244,INDRE-ET-LOIRE,3,FR
FR245,LOIR-ET-CHER,3,FR
FR246,LOIRET,3,FR
FR25,BASSE-NORMANDIE,2,FR
FR251,CALVADOS,3,FR
FR252,MANCHE,3,FR
FR253,ORNE,3,FR
FR26,BOURGOGNE,2,FR
FR261,CÔTE-D'OR,3,FR
FR262,NIÈVRE,3,FR
FR263,SAÔNE-ET-LOIRE,3,FR
FR264,YONNE,3,FR
FR3,NORD - PAS-DE-CALAIS,1,FR
FR30,NORD - PAS-DE-CALAIS,2,FR
FR301,NORD,3,FR
FR302,PAS-DE-CALAIS,3,FR
FR4,EST,1,FR
FR41,LORRAINE,2,FR
FR411,MEURTHE-ET-MOSELLE,3,FR
FR412,MEUSE,3,FR
FR413,MOSELLE,3,FR
FR414,VOSGES,3,FR
FR42,ALSACE,2,FR
FR421,BAS-RHIN,3,FR
FR422,HAUT-RHIN,3,FR
FR43,FRANCHE-COMTÉ,2,FR
FR431,DOUBS,3,FR
FR432,JURA,3,FR
FR433,HAUTE-SAÔNE,3,FR
FR434,TERRITOIRE DE BELFORT,3,FR
FR5,OUEST,1,FR
FR51,PAYS DE LA LOIRE,2,FR
FR511,LOIRE-ATLANTIQUE,3,FR
FR512,MAINE-ET-LOIRE,3,FR
FR513,MAYENNE,3,FR
FR514,SARTHE,3,FR
FR515,VENDÉE,3,FR
FR52,BRETAGNE,2,FR
FR521,CÔTES-D'ARMOR,3,FR
FR522,FINISTÈRE,3,FR
FR523,ILLE-ET-VILAINE,3,FR
FR524,MORBIHAN,3,FR
FR53,POITOU-CHARENTES,2,FR
FR531,CHARENTE,3,FR
FR532,CHARENTE-MARITIME,3,FR
FR533,DEUX-SÈVRES,3,FR
FR534,VIENNE,3,FR
FR6,SUD-OUEST,1,FR
FR61,AQUITAINE,2,FR
FR611,DORDOGNE,3,FR
FR612,GIRONDE,3,FR
FR613,LANDES,3,FR
FR614,LOT-ET-GARONNE,3,FR
FR615,PYRÉNÉES-ATLANTIQUES,3,FR
FR62,MIDI-PYRÉNÉES,2,FR
FR621,ARIÈGE,3,FR
FR622,AVEYRON,3,FR
FR623,HAUTE-GARONNE,3,FR
FR624,GERS,3,FR
FR625,LOT,3,FR
FR626,HAUTES-PYRÉNÉES,3,FR
FR627,TARN,3,FR
FR628,TARN-ET-GARONNE,3,FR
FR63,LIMOUSIN,2,FR
FR631,CORRÈZE,3,FR
FR632,CREUSE,3,FR
FR633,HAUTE-VIENNE,3,FR
FR7,CENTRE-EST,1,FR
FR71,RHÔNE-ALPES,2,FR
FR711,AIN,3,FR
FR712,ARDÈCHE,3,FR
FR713,DRÔME,3,FR
FR714,ISÈRE,3,FR
FR715,LOIRE,3,FR
FR716,RHÔNE,3,FR
FR717,SAVOIE,3,FR
FR718,HAUTE-SAVOIE,3,FR
FR72,AUVERGNE,2,FR
FR721,ALLIER,3,FR
FR722,CANTAL,3,FR
FR723,HAUTE-LOIRE,3,FR
FR724,PUY-DE-DÔME,3,FR
FR8,MÉDITERRANÉE,1,FR
FR81,LANGUEDOC-ROUSSILLON,2,FR
FR811,AUDE,3,FR
FR812,GARD,3,FR
FR813,HÉRAULT,3,FR
FR814,LOZÈRE,3,FR
FR815,PYRÉNÉES-ORIENTALES,3,FR
FR82,PROVENCE-ALPES-CÔTE D'AZUR,2,FR
FR821,ALPES-DE-HAUTE-PROVENCE,3,FR
FR822,HAUTES-ALPES,3,FR
FR823,ALPES-MARITIMES,3,FR
FR824,BOUCHES-DU-RHÔNE,3,FR
FR825,VAR,3,FR
FR826,VAUCLUSE,3,FR
FR83,CORSE,2,FR
FR831,CORSE-DU-SUD,3,FR
FR832,HAUTE-CORSE,3,FR
FRA,DÉPARTEMENTS D'OUTRE-MER,1,FR
FRA1,GUADELOUPE,2,FR
FRA10,GUADELOUPE,3,FR
FRA2,MARTINIQUE,2,FR
FRA20,MARTINIQUE,3,FR
FRA3,GUYANE,2,FR
FRA30,GUYANE,3,FR
FRA4,LA RÉUNION,2,FR
FRA40,LA RÉUNION,3,FR
FRA5,MAYOTTE,2,FR
FRA50,MAYOTTE,3,FR
FRZ,EXTRA-REGIO NUTS 1,1,FR
FRZZ,EXTRA-REGIO NUTS 2,2,FR
FRZZZ,EXTRA-REGIO NUTS 3,3,FR
HR,HRVATSKA,0,HR
HR0,HRVATSKA,1,HR
HR03,JADRANSKA HRVATSKA,2,HR
HR031,PRIMORSKO-GORANSKA ŽUPANIJA,3,HR
HR032,LIČKO-SENJSKA ŽUPANIJA,3,HR
HR033,ZADARSKA ŽUPANIJA,3,HR
HR034,ŠIBENSKO-KNINSKA ŽUPANIJA,3,HR
HR035,SPLITSKO-DALMATINSKA ŽUPANIJA,3,HR
HR036,ISTARSKA ŽUPANIJA,3,HR
HR037,DUBROVAČKO-NERETVANSKA ŽUPANIJA,3,HR
HR04,KONTINENTALNA HRVATSKA,2,HR
HR041,GRAD ZAGREB,3,HR
HR042,ZAGREBAČKA ŽUPANIJA,3,HR
HR043,KRAPINSKO-ZAGORSKA ŽUPANIJA,3,HR
HR044,VARAŽDINSKA ŽUPANIJA,3,HR
HR045,KOPRIVNIČKO-KRIŽEVAČKA ŽUPANIJA,3,HR
HR046,MEĐIMURSKA ŽUPANIJA,3,HR
HR047,BJELOVARSKO-BILOGORSKA ŽUPANIJA,3,HR
HR048,VIROVITIČKO-PODRAVSKA ŽUPANIJA,3,HR
HR049,POŽEŠKO-SLAVONSKA ŽUPANIJA,3,HR
HR04A,BRODSKO-POSAVSKA ŽUPANIJA,3,HR
HR04B,OSJEČKO-BARANJSKA ŽUPANIJA,3,HR
HR04C,VUKOVARSKO-SRIJEMSKA ŽUPANIJA,3,HR
HR04D,KARLOVAČKA ŽUPANIJA,3,HR
HR04E,SISAČKO-MOSLAVAČKA ŽUPANIJA,3,HR
HRZ,EXTRA-REGIO NUTS 1,1,HR
HRZZ,EXTRA-REGIO NUTS 2,2,HR
HRZZZ,EXTRA-REGIO NUTS 3,3,HR
IT,ITALIA ,0,IT
ITC,NORD-OVEST,1,IT
ITC1,PIEMONTE,2,IT
ITC11,TORINO,3,IT
ITC12,VERCELLI,3,IT
ITC13,BIELLA,3,IT
ITC14,VERBANO-CUSIO-OSSOLA,3,IT
ITC15,NOVARA,3,IT
ITC16,CUNEO,3,IT
ITC17,ASTI,3,IT
ITC18,ALESSANDRIA,3,IT
ITC2,VALLE D'AOSTA/VALLÉE D'AOSTE,2,IT
ITC20,VALLE D'AOSTA/VALLÉE D'AOSTE,3,IT
ITC3,LIGURIA,2,IT
ITC31,IMPERIA,3,IT
ITC32,SAVONA,3,IT
ITC33,GENOVA,3,IT
ITC34,LA SPEZIA,3,IT
ITC4,LOMBARDIA,2,IT
ITC41,VARESE,3,IT
ITC42,COMO,3,IT
ITC43,LECCO,3,IT
ITC44,SONDRIO,3,IT
ITC46,BERGAMO,3,IT
ITC47,BRESCIA,3,IT
ITC48,PAVIA,3,IT
ITC49,LODI,3,IT
ITC4A,CREMONA,3,IT
ITC4B,MANTOVA,3,IT
ITC4C,MILANO,3,IT
ITC4D,MONZA E DELLA BRIANZA,3,IT
ITF,SUD,1,IT
ITF1,ABRUZZO,2,IT
ITF11,L'AQUILA,3,IT
ITF12,TERAMO,3,IT
ITF13,PESCARA,3,IT
ITF14,CHIETI,3,IT
ITF2,MOLISE,2,IT
ITF21,ISERNIA,3,IT
ITF22,CAMPOBASSO,3,IT
ITF3,CAMPANIA,2,IT
ITF31,CASERTA,3,IT
ITF32,BENEVENTO,3,IT
ITF33,NAPOLI,3,IT
ITF34,AVELLINO,3,IT
ITF35,SALERNO,3,IT
ITF4,PUGLIA,2,IT
ITF43,TARANTO,3,IT
ITF44,BRINDISI,3,IT
ITF45,LECCE,3,IT
ITF46,FOGGIA,3,IT
ITF47,BARI,3,IT
ITF48,BARLETTA-ANDRIA-TRANI,3,IT
ITF5,BASILICATA,2,IT
ITF51,POTENZA,3,IT
ITF52,MATERA,3,IT
ITF6,CALABRIA,2,IT
ITF61,COSENZA,3,IT
ITF62,CROTONE,3,IT
ITF63,CATANZARO,3,IT
ITF64,VIBO VALENTIA,3,IT
ITF65,REGGIO DI CALABRIA,3,IT
ITG,ISOLE,1,IT
ITG1,SICILIA,2,IT
ITG11,TRAPANI,3,IT
ITG12,PALERMO,3,IT
ITG13,MESSINA,3,IT
ITG14,AGRIGENTO,3,IT
ITG15,CALTANISSETTA,3,IT
ITG16,ENNA,3,IT
ITG17,CATANIA,3,IT
ITG18,RAGUSA,3,IT
ITG19,SIRACUSA,3,IT
ITG2,SARDEGNA,2,IT
ITG25,SASSARI,3,IT
ITG26,NUORO,3,IT
ITG27,CAGLIARI,3,IT
ITG28,ORISTANO,3,IT
ITG29,OLBIA-TEMPIO,3,IT
ITG2A,OGLIASTRA,3,IT
ITG2B,MEDIO CAMPIDANO,3,IT
ITG2C,CARBONIA-IGLESIAS,3,IT
ITH,NORD-EST,1,IT
ITH1,PROVINCIA AUTONOMA DI BOLZANO/BOZEN,2,IT
ITH10,BOLZANO-BOZEN,3,IT
ITH2,PROVINCIA AUTONOMA DI TRENTO,2,IT
ITH20,TRENTO,3,IT
ITH3,VENETO,2,IT
ITH31,VERONA,3,IT
ITH32,VICENZA,3,IT
ITH33,BELLUNO,3,IT
ITH34,TREVISO,3,IT
ITH35,VENEZIA,3,IT
ITH36,PADOVA,3,IT
ITH37,ROVIGO,3,IT
ITH4,FRIULI-VENEZIA GIULIA,2,IT
ITH41,PORDENONE,3,IT
ITH42,UDINE,3,IT
ITH43,GORIZIA,3,IT
ITH44,TRIESTE,3,IT
ITH5,EMILIA-ROMAGNA,2,IT
ITH51,PIACENZA,3,IT
ITH52,PARMA,3,IT
ITH53,REGGIO NELL'EMILIA,3,IT
ITH54,MODENA,3,IT
ITH55,BOLOGNA,3,IT
ITH56,FERRARA,3,IT
ITH57,RAVENNA,3,IT
ITH58,FORLÌ-CESENA,3,IT
ITH59,RIMINI,3,IT
ITI,CENTRO (IT),1,IT
ITI1,TOSCANA,2,IT
ITI11,MASSA-CARRARA,3,IT
ITI12,LUCCA,3,IT
ITI13,PISTOIA,3,IT
ITI14,FIRENZE,3,IT
ITI15,PRATO,3,IT
ITI16,LIVORNO,3,IT
ITI17,PISA,3,IT
ITI18,AREZZO,3,IT
ITI19,SIENA,3,IT
ITI1A,GROSSETO,3,IT
ITI2,UMBRIA,2,IT
ITI21,PERUGIA,3,IT
ITI22,TERNI,3,IT
ITI3,MARCHE,2,IT
ITI31,PESARO E URBINO,3,IT
ITI32,ANCONA,3,IT
ITI33,MACERATA,3,IT
ITI34,ASCOLI PICENO,3,IT
ITI35,FERMO,3,IT
ITI4,LAZIO,2,IT
ITI41,VITERBO,3,IT
ITI42,RIETI,3,IT
ITI43,ROMA,3,IT
ITI44,LATINA,3,IT
ITI45,FROSINONE,3,IT
ITZ,EXTRA-REGIO NUTS 1,1,IT
ITZZ,EXTRA-REGIO NUTS 2,2,IT
ITZZZ,EXTRA-REGIO NUTS 3,3,IT
CY,ΚΥΠΡΟΣ (KYPROS),0,CY
CY0,ΚΥΠΡΟΣ (KYPROS),1,CY
CY00,ΚΎΠΡΟς (KYPROS),2,CY
CY000,ΚΎΠΡΟς (KYPROS),3,CY
CYZ,EXTRA-REGIO NUTS 1,1,CY
CYZZ,EXTRA-REGIO NUTS 2,2,CY
CYZZZ,EXTRA-REGIO NUTS 3,3,CY
LV,LATVIJA,0,LV
LV0,LATVIJA,1,LV
LV00,LATVIJA,2,LV
LV003,KURZEME,3,LV
LV005,LATGALE,3,LV
LV006,RĪGA,3,LV
LV007,PIERĪGA,3,LV
LV008,VIDZEME,3,LV
LV009,ZEMGALE,3,LV
LVZ,EXTRA-REGIO NUTS 1,1,LV
LVZZ,EXTRA-REGIO NUTS 2,2,LV
LVZZZ,EXTRA-REGIO NUTS 3,3,LV
LT,LIETUVA,0,LT
LT0,LIETUVA,1,LT
LT00,LIETUVA,2,LT
LT001,ALYTAUS APSKRITIS,3,LT
LT002,KAUNO APSKRITIS,3,LT
LT003,KLAIPĖDOS APSKRITIS,3,LT
LT004,MARIJAMPOLĖS APSKRITIS,3,LT
LT005,PANEVĖŽIO APSKRITIS,3,LT
LT006,ŠIAULIŲ APSKRITIS,3,LT
LT007,TAURAGĖS APSKRITIS,3,LT
LT008,TELŠIŲ APSKRITIS,3,LT
LT009,UTENOS APSKRITIS,3,LT
LT00A,VILNIAUS APSKRITIS,3,LT
LTZ,EXTRA-REGIO NUTS 1,1,LT
LTZZ,EXTRA-REGIO NUTS 2,2,LT
LTZZZ,EXTRA-REGIO NUTS 3,3,LT
LU,LUXEMBOURG,0,LU
LU0,LUXEMBOURG,1,LU
LU00,LUXEMBOURG,2,LU
LU000,LUXEMBOURG,3,LU
LUZ,EXTRA-REGIO NUTS 1,1,LU
LUZZ,EXTRA-REGIO NUTS 2,2,LU
LUZZZ,EXTRA-REGIO NUTS 3,3,LU
HU,MAGYARORSZÁG,0,HU
HU1,KÖZÉP-MAGYARORSZÁG,1,HU
HU10,KÖZÉP-MAGYARORSZÁG,2,HU
HU101,BUDAPEST,3,HU
HU102,PEST,3,HU
HU2,DUNÁNTÚL,1,HU
HU21,KÖZÉP-DUNÁNTÚL,2,HU
HU211,FEJÉR,3,HU
HU212,KOMÁROM-ESZTERGOM,3,HU
HU213,VESZPRÉM,3,HU
HU22,NYUGAT-DUNÁNTÚL,2,HU
HU221,GYŐR-MOSON-SOPRON,3,HU
HU222,VAS,3,HU
HU223,ZALA,3,HU
HU23,DÉL-DUNÁNTÚL,2,HU
HU231,BARANYA,3,HU
HU232,SOMOGY,3,HU
HU233,TOLNA,3,HU
HU3,ALFÖLD ÉS ÉSZAK,1,HU
HU31,ÉSZAK-MAGYARORSZÁG,2,HU
HU311,BORSOD-ABAÚJ-ZEMPLÉN,3,HU
HU312,HEVES,3,HU
HU313,NÓGRÁD,3,HU
HU32,ÉSZAK-ALFÖLD,2,HU
HU321,HAJDÚ-BIHAR,3,HU
HU322,JÁSZ-NAGYKUN-SZOLNOK,3,HU
HU323,SZABOLCS-SZATMÁR-BEREG,3,HU
HU33,DÉL-ALFÖLD,2,HU
HU331,BÁCS-KISKUN,3,HU
HU332,BÉKÉS,3,HU
HU333,CSONGRÁD,3,HU
HUZ,EXTRA-REGIO NUTS 1,1,HU
HUZZ,EXTRA-REGIO NUTS 2,2,HU
HUZZZ,EXTRA-REGIO NUTS 3,3,HU
MT,MALTA,0,MT
MT0,MALTA,1,MT
MT00,MALTA,2,MT
MT001,MALTA,3,MT
MT002,GOZO AND COMINO / GĦAWDEX U KEMMUNA,3,MT
MTZ,EXTRA-REGIO NUTS 1,1,MT
MTZZ,EXTRA-REGIO NUTS 2,2,MT
MTZZZ,EXTRA-REGIO NUTS 3,3,MT
NL,NEDERLAND ,0,NL
NL1,NOORD-NEDERLAND,1,NL
NL11,GRONINGEN,2,NL
NL111,OOST-GRONINGEN,3,NL
NL112,DELFZIJL EN OMGEVING,3,NL
NL113,OVERIG GRONINGEN,3,NL
NL12,FRIESLAND (NL),2,NL
NL121,NOORD-FRIESLAND,3,NL
NL122,ZUIDWEST-FRIESLAND,3,NL
NL123,ZUIDOOST-FRIESLAND,3,NL
NL13,DRENTHE,2,NL
NL131,NOORD-DRENTHE,3,NL
NL132,ZUIDOOST-DRENTHE,3,NL
NL133,ZUIDWEST-DRENTHE,3,NL
NL2,OOST-NEDERLAND,1,NL
NL21,OVERIJSSEL,2,NL
NL211,NOORD-OVERIJSSEL,3,NL
NL212,ZUIDWEST-OVERIJSSEL,3,NL
NL213,TWENTE,3,NL
NL22,GELDERLAND,2,NL
NL221,VELUWE,3,NL
NL224,ZUIDWEST-GELDERLAND,3,NL
NL225,ACHTERHOEK,3,NL
NL226,ARNHEM/NIJMEGEN,3,NL
NL23,FLEVOLAND,2,NL
NL230,FLEVOLAND,3,NL
NL3,WEST-NEDERLAND,1,NL
NL31,UTRECHT,2,NL
NL310,UTRECHT,3,NL
NL32,NOORD-HOLLAND,2,NL
NL321,KOP VAN NOORD-HOLLAND,3,NL
NL322,ALKMAAR EN OMGEVING,3,NL
NL323,IJMOND,3,NL
NL324,AGGLOMERATIE HAARLEM,3,NL
NL325,ZAANSTREEK,3,NL
NL326,GROOT-AMSTERDAM,3,NL
NL327,HET GOOI EN VECHTSTREEK,3,NL
NL33,ZUID-HOLLAND,2,NL
NL332,AGGLOMERATIE 'S-GRAVENHAGE,3,NL
NL333,DELFT EN WESTLAND,3,NL
NL337,AGGLOMERATIE LEIDEN EN BOLLENSTREEK,3,NL
NL338,OOST-ZUID-HOLLAND,3,NL
NL339,GROOT-RIJNMOND,3,NL
NL33A,ZUIDOOST-ZUID-HOLLAND,3,NL
NL34,ZEELAND,2,NL
NL341,ZEEUWSCH-VLAANDEREN,3,NL
NL342,OVERIG ZEELAND,3,NL
NL4,ZUID-NEDERLAND,1,NL
NL41,NOORD-BRABANT,2,NL
NL411,WEST-NOORD-BRABANT,3,NL
NL412,MIDDEN-NOORD-BRABANT,3,NL
NL413,NOORDOOST-NOORD-BRABANT,3,NL
NL414,ZUIDOOST-NOORD-BRABANT,3,NL
NL42,LIMBURG (NL),2,NL
NL421,NOORD-LIMBURG,3,NL
NL422,MIDDEN-LIMBURG,3,NL
NL423,ZUID-LIMBURG,3,NL
NLZ,EXTRA-REGIO NUTS 1,1,NL
NLZZ,EXTRA-REGIO NUTS 2,2,NL
NLZZZ,EXTRA-REGIO NUTS 3,3,NL
AT,ÖSTERREICH,0,AT
AT1,OSTÖSTERREICH,1,AT
AT11,BURGENLAND ,2,AT
AT111,MITTELBURGENLAND,3,AT
AT112,NORDBURGENLAND,3,AT
AT113,SÜDBURGENLAND,3,AT
AT12,NIEDERÖSTERREICH,2,AT
AT121,MOSTVIERTEL-EISENWURZEN,3,AT
AT122,NIEDERÖSTERREICH-SÜD,3,AT
AT123,SANKT PÖLTEN,3,AT
AT124,WALDVIERTEL,3,AT
AT125,WEINVIERTEL,3,AT
AT126,WIENER UMLAND/NORDTEIL,3,AT
AT127,WIENER UMLAND/SÜDTEIL,3,AT
AT13,WIEN,2,AT
AT130,WIEN,3,AT
AT2,SÜDÖSTERREICH,1,AT
AT21,KÄRNTEN,2,AT
AT211,KLAGENFURT-VILLACH,3,AT
AT212,OBERKÄRNTEN,3,AT
AT213,UNTERKÄRNTEN,3,AT
AT22,STEIERMARK,2,AT
AT221,GRAZ,3,AT
AT222,LIEZEN,3,AT
AT223,ÖSTLICHE OBERSTEIERMARK,3,AT
AT224,OSTSTEIERMARK,3,AT
AT225,WEST- UND SÜDSTEIERMARK,3,AT
AT226,WESTLICHE OBERSTEIERMARK,3,AT
AT3,WESTÖSTERREICH,1,AT
AT31,OBERÖSTERREICH,2,AT
AT311,INNVIERTEL,3,AT
AT312,LINZ-WELS,3,AT
AT313,MÜHLVIERTEL,3,AT
AT314,STEYR-KIRCHDORF,3,AT
AT315,TRAUNVIERTEL,3,AT
AT32,SALZBURG,2,AT
AT321,LUNGAU,3,AT
AT322,PINZGAU-PONGAU,3,AT
AT323,SALZBURG UND UMGEBUNG,3,AT
AT33,TIROL,2,AT
AT331,AUßERFERN,3,AT
AT332,INNSBRUCK,3,AT
AT333,OSTTIROL,3,AT
AT334,TIROLER OBERLAND,3,AT
AT335,TIROLER UNTERLAND,3,AT
AT34,VORARLBERG,2,AT
AT341,BLUDENZ-BREGENZER WALD,3,AT
AT342,RHEINTAL-BODENSEEGEBIET,3,AT
ATZ,EXTRA-REGIO NUTS 1,1,AT
ATZZ,EXTRA-REGIO NUTS 2,2,AT
ATZZZ,EXTRA-REGIO NUTS 3,3,AT
PL,POLSKA,0,PL
PL1,REGION CENTRALNY,1,PL
PL11,ŁÓDZKIE,2,PL
PL113,MIASTO ŁÓDŹ,3,PL
PL114,ŁÓDZKI,3,PL
PL115,PIOTRKOWSKI,3,PL
PL116,SIERADZKI,3,PL
PL117,SKIERNIEWICKI,3,PL
PL12,MAZOWIECKIE,2,PL
PL127,MIASTO WARSZAWA,3,PL
PL128,RADOMSKI,3,PL
PL129,WARSZAWSKI WSCHODNI,3,PL
PL12A,WARSZAWSKI ZACHODNI,3,PL
PL12B,CIECHANOWSKI,3,PL
PL12C,PŁOCKI,3,PL
PL12D,OSTROŁĘCKI,3,PL
PL12E,SIEDLECKI,3,PL
PL2,REGION POŁUDNIOWY,1,PL
PL21,MAŁOPOLSKIE,2,PL
PL213,MIASTO KRAKÓW,3,PL
PL214,KRAKOWSKI,3,PL
PL217,TARNOWSKI,3,PL
PL218,NOWOSĄDECKI,3,PL
PL219,NOWOTARSKI,3,PL
PL21A,OŚWIĘCIMSKI,3,PL
PL22,ŚLĄSKIE,2,PL
PL224,CZĘSTOCHOWSKI,3,PL
PL225,BIELSKI,3,PL
PL227,RYBNICKI,3,PL
PL228,BYTOMSKI,3,PL
PL229,GLIWICKI,3,PL
PL22A,KATOWICKI,3,PL
PL22B,SOSNOWIECKI,3,PL
PL22C,TYSKI,3,PL
PL3,REGION WSCHODNI,1,PL
PL31,LUBELSKIE,2,PL
PL311,BIALSKI,3,PL
PL312,CHEŁMSKO-ZAMOJSKI,3,PL
PL314,LUBELSKI,3,PL
PL315,PUŁAWSKI,3,PL
PL32,PODKARPACKIE,2,PL
PL323,KROŚNIEŃSKI,3,PL
PL324,PRZEMYSKI,3,PL
PL325,RZESZOWSKI,3,PL
PL326,TARNOBRZESKI,3,PL
PL33,ŚWIĘTOKRZYSKIE,2,PL
PL331,KIELECKI,3,PL
PL332,SANDOMIERSKO-JĘDRZEJOWSKI,3,PL
PL34,PODLASKIE,2,PL
PL343,BIAŁOSTOCKI,3,PL
PL344,ŁOMŻYŃSKI,3,PL
PL345,SUWALSKI,3,PL
PL4,REGION PÓŁNOCNO-ZACHODNI,1,PL
PL41,WIELKOPOLSKIE,2,PL
PL411,PILSKI,3,PL
PL414,KONIŃSKI,3,PL
PL415,MIASTO POZNAŃ,3,PL
PL416,KALISKI,3,PL
PL417,LESZCZYŃSKI,3,PL
PL418,POZNAŃSKI,3,PL
PL42,ZACHODNIOPOMORSKIE,2,PL
PL424,MIASTO SZCZECIN,3,PL
PL426,KOSZALIŃSKI,3,PL
PL427,SZCZECINECKO-PYRZYCKI,3,PL
PL428,SZCZECIŃSKI,3,PL
PL43,LUBUSKIE,2,PL
PL431,GORZOWSKI,3,PL
PL432,ZIELONOGÓRSKI,3,PL
PL5,REGION POŁUDNIOWO-ZACHODNI,1,PL
PL51,DOLNOŚLĄSKIE,2,PL
PL514,MIASTO WROCŁAW,3,PL
PL515,JELENIOGÓRSKI,3,PL
PL516,LEGNICKO-GŁOGOWSKI,3,PL
PL517,WAŁBRZYSKI,3,PL
PL518,WROCŁAWSKI,3,PL
PL52,OPOLSKIE,2,PL
PL523,NYSKI,3,PL
PL524,OPOLSKI,3,PL
PL6,REGION PÓŁNOCNY,1,PL
PL61,KUJAWSKO-POMORSKIE,2,PL
PL613,BYDGOSKO-TORUŃSKI,3,PL
PL616,GRUDZIĄDZKI,3,PL
PL617,INOWROCŁAWSKI,3,PL
PL618,ŚWIECKI,3,PL
PL619,WŁOCŁAWSKI,3,PL
PL62,WARMIŃSKO-MAZURSKIE,2,PL
PL621,ELBLĄSKI,3,PL
PL622,OLSZTYŃSKI,3,PL
PL623,EŁCKI,3,PL
PL63,POMORSKIE,2,PL
PL633,TRÓJMIEJSKI,3,PL
PL634,GDAŃSKI,3,PL
PL636,SŁUPSKI,3,PL
PL637,CHOJNICKI,3,PL
PL638,STAROGARDZKI,3,PL
PLZ,EXTRA-REGIO NUTS 1,1,PL
PLZZ,EXTRA-REGIO NUTS 2,2,PL
PLZZZ,EXTRA-REGIO NUTS 3,3,PL
PT,PORTUGAL,0,PT
PT1,CONTINENTE,1,PT
PT11,NORTE,2,PT
PT111,ALTO MINHO,3,PT
PT112,CÁVADO,3,PT
PT119,AVE,3,PT
PT11A,ÁREA METROPOLITANA DO PORTO,3,PT
PT11B,ALTO TÂMEGA,3,PT
PT11C,TÂMEGA E SOUSA,3,PT
PT11D,DOURO,3,PT
PT11E,TERRAS DE TRÁS-OS-MONTES,3,PT
PT15,ALGARVE,2,PT
PT150,ALGARVE,3,PT
PT16,CENTRO (PT),2,PT
PT16B,OESTE,3,PT
PT16D,REGIÃO DE AVEIRO,3,PT
PT16E,REGIÃO DE COIMBRA,3,PT
PT16F,REGIÃO DE LEIRIA,3,PT
PT16G,VISEU DÃO LAFÕES,3,PT
PT16H,BEIRA BAIXA,3,PT
PT16I,MÉDIO TEJO,3,PT
PT16J,BEIRAS E SERRA DA ESTRELA,3,PT
PT17,ÁREA METROPOLITANA DE LISBOA,2,PT
PT170,ÁREA METROPOLITANA DE LISBOA,3,PT
PT18,ALENTEJO,2,PT
PT181,ALENTEJO LITORAL,3,PT
PT184,BAIXO ALENTEJO,3,PT
PT185,LEZÍRIA DO TEJO,3,PT
PT186,ALTO ALENTEJO,3,PT
PT187,ALENTEJO CENTRAL,3,PT
PT2,REGIÃO AUTÓNOMA DOS AÇORES,1,PT
PT20,REGIÃO AUTÓNOMA DOS AÇORES,2,PT
PT200,REGIÃO AUTÓNOMA DOS AÇORES,3,PT
PT3,REGIÃO AUTÓNOMA DA MADEIRA,1,PT
PT30,REGIÃO AUTÓNOMA DA MADEIRA,2,PT
PT300,REGIÃO AUTÓNOMA DA MADEIRA,3,PT
PTZ,EXTRA-REGIO NUTS 1,1,PT
PTZZ,EXTRA-REGIO NUTS 2,2,PT
PTZZZ,EXTRA-REGIO NUTS 3,3,PT
RO,ROMÂNIA,0,RO
RO1,MACROREGIUNEA UNU,1,RO
RO11,NORD-VEST,2,RO
RO111,BIHOR,3,RO
RO112,BISTRIŢA-NĂSĂUD,3,RO
RO113,CLUJ,3,RO
RO114,MARAMUREŞ,3,RO
RO115,SATU MARE,3,RO
RO116,SĂLAJ,3,RO
RO12,CENTRU,2,RO
RO121,ALBA,3,RO
RO122,BRAŞOV,3,RO
RO123,COVASNA,3,RO
RO124,HARGHITA,3,RO
RO125,MUREŞ,3,RO
RO126,SIBIU,3,RO
RO2,MACROREGIUNEA DOI,1,RO
RO21,NORD-EST,2,RO
RO211,BACĂU,3,RO
RO212,BOTOŞANI,3,RO
RO213,IAŞI,3,RO
RO214,NEAMŢ,3,RO
RO215,SUCEAVA,3,RO
RO216,VASLUI,3,RO
RO22,SUD-EST,2,RO
RO221,BRĂILA,3,RO
RO222,BUZĂU,3,RO
RO223,CONSTANŢA,3,RO
RO224,GALAŢI,3,RO
RO225,TULCEA,3,RO
RO226,VRANCEA,3,RO
RO3,MACROREGIUNEA TREI,1,RO
RO31,SUD - MUNTENIA,2,RO
RO311,ARGEŞ,3,RO
RO312,CĂLĂRAŞI,3,RO
RO313,DÂMBOVIŢA,3,RO
RO314,GIURGIU,3,RO
RO315,IALOMIŢA,3,RO
RO316,PRAHOVA,3,RO
RO317,TELEORMAN,3,RO
RO32,BUCUREŞTI - ILFOV,2,RO
RO321,BUCUREŞTI,3,RO
RO322,ILFOV,3,RO
RO4,MACROREGIUNEA PATRU,1,RO
RO41,SUD-VEST OLTENIA,2,RO
RO411,DOLJ,3,RO
RO412,GORJ,3,RO
RO413,MEHEDINŢI,3,RO
RO414,OLT,3,RO
RO415,VÂLCEA,3,RO
RO42,VEST,2,RO
RO421,ARAD,3,RO
RO422,CARAŞ-SEVERIN,3,RO
RO423,HUNEDOARA,3,RO
RO424,TIMIŞ,3,RO
ROZ,EXTRA-REGIO NUTS 1,1,RO
ROZZ,EXTRA-REGIO NUTS 2,2,RO
ROZZZ,EXTRA-REGIO NUTS 3,3,RO
SI,SLOVENIJA,0,SI
SI0,SLOVENIJA,1,SI
SI03,VZHODNA SLOVENIJA,2,SI
SI031,POMURSKA,3,SI
SI032,PODRAVSKA,3,SI
SI033,KOROŠKA,3,SI
SI034,SAVINJSKA,3,SI
SI035,ZASAVSKA,3,SI
SI036,POSAVSKA,3,SI
SI037,JUGOVZHODNA SLOVENIJA,3,SI
SI038,PRIMORSKO-NOTRANJSKA,3,SI
SI04,ZAHODNA SLOVENIJA,2,SI
SI041,OSREDNJESLOVENSKA,3,SI
SI042,GORENJSKA,3,SI
SI043,GORIŠKA,3,SI
SI044,OBALNO-KRAŠKA,3,SI
SIZ,EXTRA-REGIO NUTS 1,1,SI
SIZZ,EXTRA-REGIO NUTS 2,2,SI
SIZZZ,EXTRA-REGIO NUTS 3,3,SI
SK,SLOVENSKO,0,SK
SK0,SLOVENSKO,1,SK
SK01,BRATISLAVSKÝ KRAJ,2,SK
SK010,BRATISLAVSKÝ KRAJ,3,SK
SK02,ZÁPADNÉ SLOVENSKO,2,SK
SK021,TRNAVSKÝ KRAJ,3,SK
SK022,TRENČIANSKY KRAJ,3,SK
SK023,NITRIANSKY KRAJ,3,SK
SK03,STREDNÉ SLOVENSKO,2,SK
SK031,ŽILINSKÝ KRAJ,3,SK
SK032,BANSKOBYSTRICKÝ KRAJ,3,SK
SK04,VÝCHODNÉ SLOVENSKO,2,SK
SK041,PREŠOVSKÝ KRAJ,3,SK
SK042,KOŠICKÝ KRAJ,3,SK
SKZ,EXTRA-REGIO NUTS 1,1,SK
SKZZ,EXTRA-REGIO NUTS 2,2,SK
SKZZZ,EXTRA-REGIO NUTS 3,3,SK
FI,SUOMI / FINLAND,0,FI
FI1,MANNER-SUOMI,1,FI
FI19,LÄNSI-SUOMI,2,FI
FI193,KESKI-SUOMI,3,FI
FI194,ETELÄ-POHJANMAA,3,FI
FI195,POHJANMAA,3,FI
FI196,SATAKUNTA,3,FI
FI197,PIRKANMAA,3,FI
FI1B,HELSINKI-UUSIMAA,2,FI
FI1B1,HELSINKI-UUSIMAA,3,FI
FI1C,ETELÄ-SUOMI,2,FI
FI1C1,VARSINAIS-SUOMI,3,FI
FI1C2,KANTA-HÄME,3,FI
FI1C3,PÄIJÄT-HÄME,3,FI
FI1C4,KYMENLAAKSO,3,FI
FI1C5,ETELÄ-KARJALA,3,FI
FI1D,POHJOIS- JA ITÄ-SUOMI,2,FI
FI1D1,ETELÄ-SAVO,3,FI
FI1D2,POHJOIS-SAVO,3,FI
FI1D3,POHJOIS-KARJALA,3,FI
FI1D4,KAINUU,3,FI
FI1D5,KESKI-POHJANMAA,3,FI
FI1D6,POHJOIS-POHJANMAA,3,FI
FI1D7,LAPPI,3,FI
FI2,ÅLAND,1,FI
FI20,ÅLAND,2,FI
FI200,ÅLAND,3,FI
FIZ,EXTRA-REGIO NUTS 1,1,FI
FIZZ,EXTRA-REGIO NUTS 2,2,FI
FIZZZ,EXTRA-REGIO NUTS 3,3,FI
SE,SVERIGE,0,SE
SE1,ÖSTRA SVERIGE,1,SE
SE11,STOCKHOLM,2,SE
SE110,STOCKHOLMS LÄN,3,SE
SE12,ÖSTRA MELLANSVERIGE,2,SE
SE121,UPPSALA LÄN,3,SE
SE122,SÖDERMANLANDS LÄN,3,SE
SE123,ÖSTERGÖTLANDS LÄN,3,SE
SE124,ÖREBRO LÄN,3,SE
SE125,VÄSTMANLANDS LÄN,3,SE
SE2,SÖDRA SVERIGE,1,SE
SE21,SMÅLAND MED ÖARNA,2,SE
SE211,JÖNKÖPINGS LÄN,3,SE
SE212,KRONOBERGS LÄN,3,SE
SE213,KALMAR LÄN,3,SE
SE214,GOTLANDS LÄN,3,SE
SE22,SYDSVERIGE,2,SE
SE221,BLEKINGE LÄN,3,SE
SE224,SKÅNE LÄN,3,SE
SE23,VÄSTSVERIGE,2,SE
SE231,HALLANDS LÄN,3,SE
SE232,VÄSTRA GÖTALANDS LÄN,3,SE
SE3,NORRA SVERIGE,1,SE
SE31,NORRA MELLANSVERIGE,2,SE
SE311,VÄRMLANDS LÄN,3,SE
SE312,DALARNAS LÄN,3,SE
SE313,GÄVLEBORGS LÄN,3,SE
SE32,MELLERSTA NORRLAND,2,SE
SE321,VÄSTERNORRLANDS LÄN,3,SE
SE322,JÄMTLANDS LÄN,3,SE
SE33,ÖVRE NORRLAND,2,SE
SE331,VÄSTERBOTTENS LÄN,3,SE
SE332,NORRBOTTENS LÄN,3,SE
SEZ,EXTRA-REGIO NUTS 1,1,SE
SEZZ,EXTRA-REGIO NUTS 2,2,SE
SEZZZ,EXTRA-REGIO NUTS 3,3,SE
UK,UNITED KINGDOM,0,UK
UKC,NORTH EAST (ENGLAND),1,UK
UKC1,TEES VALLEY AND DURHAM,2,UK
UKC11,HARTLEPOOL AND STOCKTON-ON-TEES,3,UK
UKC12,SOUTH TEESSIDE,3,UK
UKC13,DARLINGTON,3,UK
UKC14,DURHAM CC,3,UK
UKC2,NORTHUMBERLAND AND TYNE AND WEAR,2,UK
UKC21,NORTHUMBERLAND,3,UK
UKC22,TYNESIDE,3,UK
UKC23,SUNDERLAND,3,UK
UKD,NORTH WEST (ENGLAND),1,UK
UKD1,CUMBRIA,2,UK
UKD11,WEST CUMBRIA,3,UK
UKD12,EAST CUMBRIA,3,UK
UKD3,GREATER MANCHESTER,2,UK
UKD33,MANCHESTER,3,UK
UKD34,GREATER MANCHESTER SOUTH WEST,3,UK
UKD35,GREATER MANCHESTER SOUTH EAST,3,UK
UKD36,GREATER MANCHESTER NORTH WEST,3,UK
UKD37,GREATER MANCHESTER NORTH EAST,3,UK
UKD4,LANCASHIRE,2,UK
UKD41,BLACKBURN WITH DARWEN,3,UK
UKD42,BLACKPOOL,3,UK
UKD44,LANCASTER AND WYRE,3,UK
UKD45,MID LANCASHIRE,3,UK
UKD46,EAST LANCASHIRE,3,UK
UKD47,CHORLEY AND WEST LANCASHIRE,3,UK
UKD6,CHESHIRE,2,UK
UKD61,WARRINGTON,3,UK
UKD62,CHESHIRE EAST,3,UK
UKD63,CHESHIRE WEST AND CHESTER,3,UK
UKD7,MERSEYSIDE,2,UK
UKD71,EAST MERSEYSIDE,3,UK
UKD72,LIVERPOOL,3,UK
UKD73,SEFTON,3,UK
UKD74,WIRRAL,3,UK
UKE,YORKSHIRE AND THE HUMBER,1,UK
UKE1,EAST YORKSHIRE AND NORTHERN LINCOLNSHIRE,2,UK
UKE11,"KINGSTON UPON HULL, CITY OF",3,UK
UKE12,EAST RIDING OF YORKSHIRE,3,UK
UKE13,NORTH AND NORTH EAST LINCOLNSHIRE,3,UK
UKE2,NORTH YORKSHIRE,2,UK
UKE21,YORK,3,UK
UKE22,NORTH YORKSHIRE CC,3,UK
UKE3,SOUTH YORKSHIRE,2,UK
UKE31,"BARNSLEY, DONCASTER AND ROTHERHAM",3,UK
UKE32,SHEFFIELD,3,UK
UKE4,WEST YORKSHIRE,2,UK
UKE41,BRADFORD,3,UK
UKE42,LEEDS,3,UK
UKE44,CALDERDALE AND KIRKLEES,3,UK
UKE45,WAKEFIELD,3,UK
UKF,EAST MIDLANDS (ENGLAND),1,UK
UKF1,DERBYSHIRE AND NOTTINGHAMSHIRE,2,UK
UKF11,DERBY,3,UK
UKF12,EAST DERBYSHIRE,3,UK
UKF13,SOUTH AND WEST DERBYSHIRE,3,UK
UKF14,NOTTINGHAM,3,UK
UKF15,NORTH NOTTINGHAMSHIRE,3,UK
UKF16,SOUTH NOTTINGHAMSHIRE,3,UK
UKF2,"LEICESTERSHIRE, RUTLAND AND NORTHAMPTONSHIRE",2,UK
UKF21,LEICESTER,3,UK
UKF22,LEICESTERSHIRE CC AND RUTLAND,3,UK
UKF24,WEST NORTHAMPTONSHIRE,3,UK
UKF25,NORTH NORTHAMPTONSHIRE,3,UK
UKF3,LINCOLNSHIRE,2,UK
UKF30,LINCOLNSHIRE,3,UK
UKG,WEST MIDLANDS (ENGLAND),1,UK
UKG1,"HEREFORDSHIRE, WORCESTERSHIRE AND WARWICKSHIRE",2,UK
UKG11,"HEREFORDSHIRE, COUNTY OF",3,UK
UKG12,WORCESTERSHIRE,3,UK
UKG13,WARWICKSHIRE,3,UK
UKG2,SHROPSHIRE AND STAFFORDSHIRE,2,UK
UKG21,TELFORD AND WREKIN,3,UK
UKG22,SHROPSHIRE CC,3,UK
UKG23,STOKE-ON-TRENT,3,UK
UKG24,STAFFORDSHIRE CC,3,UK
UKG3,WEST MIDLANDS,2,UK
UKG31,BIRMINGHAM,3,UK
UKG32,SOLIHULL,3,UK
UKG33,COVENTRY,3,UK
UKG36,DUDLEY,3,UK
UKG37,SANDWELL,3,UK
UKG38,WALSALL,3,UK
UKG39,WOLVERHAMPTON,3,UK
UKH,EAST OF ENGLAND,1,UK
UKH1,EAST ANGLIA,2,UK
UKH11,PETERBOROUGH,3,UK
UKH12,CAMBRIDGESHIRE CC,3,UK
UKH14,SUFFOLK,3,UK
UKH15,NORWICH AND EAST NORFOLK,3,UK
UKH16,NORTH AND WEST NORFOLK,3,UK
UKH17,BRECKLAND AND SOUTH NORFOLK,3,UK
UKH2,BEDFORDSHIRE AND HERTFORDSHIRE,2,UK
UKH21,LUTON,3,UK
UKH23,HERTFORDSHIRE,3,UK
UKH24,BEDFORD,3,UK
UKH25,CENTRAL BEDFORDSHIRE,3,UK
UKH3,ESSEX,2,UK
UKH31,SOUTHEND-ON-SEA,3,UK
UKH32,THURROCK,3,UK
UKH34,ESSEX HAVEN GATEWAY,3,UK
UKH35,WEST ESSEX,3,UK
UKH36,HEART OF ESSEX,3,UK
UKH37,ESSEX THAMES GATEWAY,3,UK
UKI,LONDON,1,UK
UKI3,INNER LONDON - WEST,2,UK
UKI31,CAMDEN AND CITY OF LONDON,3,UK
UKI32,WESTMINSTER,3,UK
UKI33,KENSINGTON & CHELSEA AND HAMMERSMITH & FULHAM,3,UK
UKI34,WANDSWORTH,3,UK
UKI4,INNER LONDON - EAST,2,UK
UKI41,HACKNEY AND NEWHAM,3,UK
UKI42,TOWER HAMLETS,3,UK
UKI43,HARINGEY AND ISLINGTON,3,UK
UKI44,LEWISHAM AND SOUTHWARK,3,UK
UKI45,LAMBETH,3,UK
UKI5,OUTER LONDON - EAST AND NORTH EAST,2,UK
UKI51,BEXLEY AND GREENWICH,3,UK
UKI52,BARKING & DAGENHAM AND HAVERING,3,UK
UKI53,REDBRIDGE AND WALTHAM FOREST,3,UK
UKI54,ENFIELD,3,UK
UKI6,OUTER LONDON - SOUTH,2,UK
UKI61,BROMLEY,3,UK
UKI62,CROYDON,3,UK
UKI63,"MERTON, KINGSTON UPON THAMES AND SUTTON",3,UK
UKI7,OUTER LONDON - WEST AND NORTH WEST,2,UK
UKI71,BARNET,3,UK
UKI72,BRENT,3,UK
UKI73,EALING,3,UK
UKI74,HARROW AND HILLINGDON,3,UK
UKI75,HOUNSLOW AND RICHMOND UPON THAMES,3,UK
UKJ,SOUTH EAST (ENGLAND),1,UK
UKJ1,"BERKSHIRE, BUCKINGHAMSHIRE AND OXFORDSHIRE",2,UK
UKJ11,BERKSHIRE,3,UK
UKJ12,MILTON KEYNES,3,UK
UKJ13,BUCKINGHAMSHIRE CC,3,UK
UKJ14,OXFORDSHIRE,3,UK
UKJ2,"SURREY, EAST AND WEST SUSSEX",2,UK
UKJ21,BRIGHTON AND HOVE,3,UK
UKJ22,EAST SUSSEX CC,3,UK
UKJ25,WEST SURREY,3,UK
UKJ26,EAST SURREY,3,UK
UKJ27,WEST SUSSEX (SOUTH WEST),3,UK
UKJ28,WEST SUSSEX (NORTH EAST),3,UK
UKJ3,HAMPSHIRE AND ISLE OF WIGHT,2,UK
UKJ31,PORTSMOUTH,3,UK
UKJ32,SOUTHAMPTON,3,UK
UKJ34,ISLE OF WIGHT,3,UK
UKJ35,SOUTH HAMPSHIRE,3,UK
UKJ36,CENTRAL HAMPSHIRE,3,UK
UKJ37,NORTH HAMPSHIRE,3,UK
UKJ4,KENT,2,UK
UKJ41,MEDWAY,3,UK
UKJ43,KENT THAMES GATEWAY,3,UK
UKJ44,EAST KENT,3,UK
UKJ45,MID KENT,3,UK
UKJ46,WEST KENT,3,UK
UKK,SOUTH WEST (ENGLAND),1,UK
UKK1,"GLOUCESTERSHIRE, WILTSHIRE AND BRISTOL/BATH AREA",2,UK
UKK11,"BRISTOL, CITY OF",3,UK
UKK12,"BATH AND NORTH EAST SOMERSET, NORTH SOMERSET AND SOUTH GLOUCESTERSHIRE",3,UK
UKK13,GLOUCESTERSHIRE,3,UK
UKK14,SWINDON,3,UK
UKK15,WILTSHIRE CC,3,UK
UKK2,DORSET AND SOMERSET,2,UK
UKK21,BOURNEMOUTH AND POOLE,3,UK
UKK22,DORSET CC,3,UK
UKK23,SOMERSET,3,UK
UKK3,CORNWALL AND ISLES OF SCILLY,2,UK
UKK30,CORNWALL AND ISLES OF SCILLY,3,UK
UKK4,DEVON,2,UK
UKK41,PLYMOUTH,3,UK
UKK42,TORBAY,3,UK
UKK43,DEVON CC,3,UK
UKL,WALES,1,UK
UKL1,WEST WALES AND THE VALLEYS,2,UK
UKL11,ISLE OF ANGLESEY,3,UK
UKL12,GWYNEDD,3,UK
UKL13,CONWY AND DENBIGHSHIRE,3,UK
UKL14,SOUTH WEST WALES,3,UK
UKL15,CENTRAL VALLEYS,3,UK
UKL16,GWENT VALLEYS,3,UK
UKL17,BRIDGEND AND NEATH PORT TALBOT,3,UK
UKL18,SWANSEA,3,UK
UKL2,EAST WALES,2,UK
UKL21,MONMOUTHSHIRE AND NEWPORT,3,UK
UKL22,CARDIFF AND VALE OF GLAMORGAN,3,UK
UKL23,FLINTSHIRE AND WREXHAM,3,UK
UKL24,POWYS,3,UK
UKM,SCOTLAND,1,UK
UKM2,EASTERN SCOTLAND,2,UK
UKM21,ANGUS AND DUNDEE CITY,3,UK
UKM22,CLACKMANNANSHIRE AND FIFE,3,UK
UKM23,EAST LOTHIAN AND MIDLOTHIAN,3,UK
UKM24,SCOTTISH BORDERS,3,UK
UKM25,"EDINBURGH, CITY OF",3,UK
UKM26,FALKIRK,3,UK
UKM27,PERTH & KINROSS AND STIRLING,3,UK
UKM28,WEST LOTHIAN,3,UK
UKM3,SOUTH WESTERN SCOTLAND,2,UK
UKM31,"EAST DUNBARTONSHIRE, WEST DUNBARTONSHIRE AND HELENSBURGH & LOMOND",3,UK
UKM32,DUMFRIES & GALLOWAY,3,UK
UKM33,EAST AYRSHIRE AND NORTH AYRSHIRE MAINLAND,3,UK
UKM34,GLASGOW CITY,3,UK
UKM35,"INVERCLYDE, EAST RENFREWSHIRE AND RENFREWSHIRE",3,UK
UKM36,NORTH LANARKSHIRE,3,UK
UKM37,SOUTH AYRSHIRE,3,UK
UKM38,SOUTH LANARKSHIRE,3,UK
UKM5,NORTH EASTERN SCOTLAND,2,UK
UKM50,ABERDEEN CITY AND ABERDEENSHIRE,3,UK
UKM6,HIGHLANDS AND ISLANDS,2,UK
UKM61,CAITHNESS & SUTHERLAND AND ROSS & CROMARTY,3,UK
UKM62,"INVERNESS & NAIRN AND MORAY, BADENOCH & STRATHSPEY",3,UK
UKM63,"LOCHABER, SKYE & LOCHALSH, ARRAN & CUMBRAE AND ARGYLL & BUTE",3,UK
UKM64,EILEAN SIAR (WESTERN ISLES),3,UK
UKM65,ORKNEY ISLANDS,3,UK
UKM66,SHETLAND ISLANDS,3,UK
UKN,NORTHERN IRELAND,1,UK
UKN0,NORTHERN IRELAND,2,UK
UKN01,BELFAST,3,UK
UKN02,OUTER BELFAST,3,UK
UKN03,EAST OF NORTHERN IRELAND,3,UK
UKN04,NORTH OF NORTHERN IRELAND,3,UK
UKN05,WEST AND SOUTH OF NORTHERN IRELAND,3,UK
UKZ,EXTRA-REGIO NUTS 1,1,UK
UKZZ,EXTRA-REGIO NUTS 2,2,UK
UKZZZ,EXTRA-REGIO NUTS 3,3,UK
US,UNITED STATES,0,US
USA,UNITED STATES,1,US
USB,EXTERNAL TERRITORIES,1,US
USA1,ALABAMA,2,US
USA1A,MONTGOMERY,3,US
USA1B,BIRMINGHAM,3,US
USA2,ALASKA,2,US
USA2A,JUNEAU,3,US
USA2B,ANCHORAGE,3,US
USA3,ARIZONA,2,US
USA3A,PHOENIX,3,US
USA4,ARKANSAS,3,US
USA4A,LITTLE ROCK,3,US
USA5,CALIFORNIA,2,US
USA5A,SACRAMENTO,3,US
USA5B,LOS ANGELES,3,US
USA6,CAROLINA DEL NORD,2,US
USA6A,RALEIGH,3,US
USA6B,CHARLOTTE,3,US
USA7,CAROLINA DEL SUD,2,US
USA7A,COLUMBIA,3,US
USA8,COLORADO,2,US
USA8A,DENVER,3,US
USA9,CONNECTICUT,2,US
USA9A,HARTFORD,3,US
USA9B,BRIDGEPORT,3,US
USA10,DAKOTA DEL NORD,2,US
USA10A,BISMARCK,3,US
USA10B,FARGO,3,US
USA11,DAKOTA DEL SUD,2,US
USA11A,PIERRE,3,US
USA11B,SIOUX FALLS,3,US
USA12,DELAWARE,2,US
USA12A,DOVER,3,US
USA12B,WILMINGTON,3,US
USA13,DISTRETTO DI COLUMBIA,2,US
USA13A,DISTRETTO DI COLUMBIA,3,US
USA14,FLORIDA,2,US
USA14A,TALLAHASSEE,3,US
USA14B,JACKSONVILLE,3,US
USA14C,MIAMI,3,US
USA15,GEORGIA,2,US
USA15A,ATLANTA,3,US
USB16,GUAM,2,US
USB16A,HAGÅTÑA,3,US
USA17,HAWAII,2,US
USA17A,HONOLULU,3,US
USA18,IDAHO,2,US
USA18A,BOISE,3,US
USA19,ILLINOIS,2,US
USA19A,SPRINGFIELD,3,US
USA19B,CHICAGO,3,US
USA20,INDIANA,2,US
USA20A,INDIANAPOLIS,3,US
USA21,IOWA,2,US
USA21A,DES MOINES,3,US
USB22,ISOLE MARIANNE SETTENTRIONALI,2,US
USB22A,SAIPAN,3,US
USB23,ISOLE VERGINI AMERICANE,2,US
USB23A,CHARLOTTE AMALIE,3,US
USA24,KANSAS,2,US
USA24A,TOPEKA,3,US
USA24B,WICHITA,3,US
USA25,KENTUCKY,2,US
USA25A,FRANKFORT,3,US
USA25B,LOUISVILLE,3,US
USA26,LOUISIANA,2,US
USA26A,BATON ROUGE,3,US
USA26B,NEW ORLEANS,3,US
USA27,MAINE,2,US
USA27A,AUGUSTA,3,US
USA27B,PORTLAND,3,US
USA28,MARYLAND,2,US
USA28A,ANNAPOLIS,3,US
USA28B,BALTIMORA,3,US
USA29,MASSACHUSETTS,2,US
USA29A,BOSTON,3,US
USA30,MICHIGAN,2,US
USA30A,LANSING,3,US
USA30B,DETROIT,3,US
USA31,MINNESOTA,2,US
USA31A,SAINT PAUL,3,US
USA31B,MINNEAPOLIS,3,US
USA32,MISSISSIPPI,2,US
USA32A,JACKSON,3,US
USA33,MISSOURI,2,US
USA33A,JEFFERSON CITY,3,US
USA33B,KANSAS CITY,3,US
USA33C,SAINT LOUIS,3,US
USA34,MONTANA,2,US
USA34A,HELENA,3,US
USA34B,BILLINGS,3,US
USA35,NEBRASKA,2,US
USA35A,LINCOLN,3,US
USA35B,OMAHA,3,US
USA36,NEVADA,2,US
USA36A,CARSON CITY,3,US
USA36B,LAS VEGAS,3,US
USA37,NEW HAMPSHIRE,2,US
USA37A,CONCORD,3,US
USA37B,MANCHESTER,3,US
USA38,NEW JERSEY,2,US
USA38A,TRENTON,3,US
USA38B,NEWARK,3,US
USA39,NEW YORK,2,US
USA39A,ALBANY,3,US
USA39B,NEW YORK,3,US
USA40,NUOVO MESSICO,2,US
USA40A,SANTA FE,3,US
USA40B,ALBUQUERQUE,3,US
USA41,OHIO,2,US
US41A,COLUMBUS,3,US
USA41B,CLEVELAND,3,US
USA42,OKLAHOMA,2,US
USA42A,OKLAHOMA CITY,3,US
USA43,OREGON,2,US
USA43A,SALEM,3,US
USA43B,PORTLAND,3,US
USA44,PENNSYLVANIA,2,US
USA44A,HARRISBURG,3,US
USA44B,FILADELFIA,3,US
USB45,PORTO RICO,2,US
USB45A,SAN JUAN,3,US
USA46,RHODE ISLAND,2,US
USA46A,PROVIDENCE,3,US
USB47,SAMOA AMERICANE,2,US
USB47A,PAGO PAGO,3,US
USA48,TENNESSEE,2,US
USA48A,NASHVILLE,3,US
USA48B,MEMPHIS,3,US
USA49,TEXAS,2,US
USA49A,AUSTIN,3,US
USA49B,HOUSTON,3,US
USA49C,DALLAS,3,US
USA50,UTAH,2,US
USA50A,SALT LAKE CITY,3,US
USA51,VERMONT,2,US
US5A1A,MONTPELIER,3,US
USA51B,BURLINGTON,3,US
USA52,VIRGINIA,2,US
USA52A,RICHMOND,3,US
USA52B,VIRGINIA BEACH,3,US
USA53,VIRGINIA OCCIDENTALE,2,US
USA53A,CHARLESTON,3,US
USA54,WASHINGTON,2,US
USA54A,OLYMPIA,3,US
USA54B,SEATTLE,3,US
USA55,WISCONSIN,2,US
USA55A,MADISON,3,US
USA55B,MILWAUKEE,3,US
USA56,WYOMING,2,US
USA56A,CHEYENNE,3,US
USZ,EXTRA-REGIO NUTS 1,1,US
USZZ,EXTRA-REGIO NUTS 2,2,US
USZZZ,EXTRA-REGIO NUTS 3,3,US
CN,CANADA,0,CN
CNA,CANADA,1,CN
CNAA,ALBERTA,2,CN
CNAA1,EDMONTON,3,CN
CNAB,COLUMBIA BRITANNICA,2,CN
CNAB1,VICTORIA,3,CN
CNAC,ISOLA DEL PRINCIPE EDOARDO,2,CN
CNAC1,CHARLOTTETOWN,3,CN
CNAD,MANITOBA,2,CN
CNAD1,WINNIPEG,3,CN
CNAE,NUNAVUT,2,CN
CNAE1,IQALUIT,3,CN
CNAF,NUOVA SCOZIA,2,CN
CNAF1,HALIFAX,3,CN
CNAG,NUOVO BRUNSWICK,2,CN
CNAG1,FREDERICTON,3,CN
CNAH,ONTARIO,2,CN
CNAH1,TORONTO,3,CN
CNAI,QUÉBEC,2,CN
CNAI1,QUÉBEC,3,CN
CNAJ,SASKATCHEWAN,2,CN
CNAJ1,REGINA,3,CN
CNAK,TERRANOVA E LABRADOR,2,CN
CNAK1,ST. JOHN'S,3,CN
CNAL,TERRITORI DEL NORD-OVEST,2,CN
CNAL1,YELLOWKNIFE,3,CN
CNAM,YUKON,2,CN
CNAM1,WHITEHORSE,3,CN
CNZ,EXTRA-REGIO NUTS 1,1,CN
CNZZ,EXTRA-REGIO NUTS 2,2,CN
CNZZZ,EXTRA-REGIO NUTS 3,3,CN
CI,CHINA,0,CI
CIA,CHINA,1,CI
CIA1,MUNICIPALITÀ DI PECHINO,2,CI
CIA1A,BEIJING,3,CI
CIA2,MUNICIPALITÀ DI TIANJIN,2,CI
CIA2A,TIANJIN,3,CI
CIA3,PROVINCIA DI HEBEI,2,CI
CIA3A,SHIJIAZHUANG,3,CI
CIA4,PROVINCIA DI SHANXI,2,CI
CIA4A,TAIYUAN,3,CI
CIA5,REGIONE AUTONOMA DELLA MONGOLIA INTERNA,2,CI
CIA5A,HOHHOT,3,CI
CIA6,PROVINCIA DI LIAONING,2,CI
CIA6A,SHENYANG,3,CI
CIA7,PROVINCIA DI JILIN,2,CI
CIA7A,CHANGCHUN,3,CI
CIA8,PROVINCIA DI HEILONGJIANG,2,CI
CIA8A,HARBIN,3,CI
CIA9,MUNICIPALITÀ DI SHANGHAI,2,CI
CIA9A,SHANGHAI,3,CI
CIA10,PROVINCIA DI JIANGSU,2,CI
CIA10A,NANCHINO,3,CI
CIA11,PROVINCIA DI ZHEJIANG,2,CI
CIA11A,HANGZHOU,3,CI
CIA12,PROVINCIA DI ANHUI,2,CI
CIA12A,HEFEI,3,CI
CIA13,PROVINCIA DI FUJIAN,2,CI
CIA13A,FUZHOU,3,CI
CIA14,PROVINCIA DI JIANGXI,2,CI
CIA14A,NANCHANG,3,CI
CIA15,PROVINCIA DI SHANDONG,2,CI
CIA15A,JINAN,3,CI
CIA16,PROVINCIA DI HENAN,2,CI
CIA16A,ZHENGZHOU,3,CI
CIA17,PROVINCIA DI HUBEI,2,CI
CIA17A,WUHAN,3,CI
CIA18,PROVINCIA DI HUNAN,2,CI
CIA18A,CHANGSHA,3,CI
CIA19,PROVINCIA DI GUANGDONG,2,CI
CIA19A,CANTON,3,CI
CIA20,REGIONE AUTONOMA DEL GUANGXI ZHUANG,2,CI
CIA20A,NANNING,3,CI
CIA21,PROVINCIA DI HAINAN,2,CI
CIA21A,HAIKOU,3,CI
CIA22,MUNICIPALITÀ DI CHONGQING,2,CI
CIA22A,CHONGQING,3,CI
CIA23,PROVINCIA DI SICHUAN,2,CI
CIA23A,CHENGDU,3,CI
CIA24,PROVINCIA DI GUIZHOU,2,CI
CIA24A,GUIYANG,3,CI
CIA25,PROVINCIA DI YUNNAN,2,CI
CIA25A,KUNMING,3,CI
CIA26,REGIONE AUTONOMA DEL TIBET,2,CI
CIA26A,LHASA,3,CI
CIA27,PROVINCIA DI SHAANXI,2,CI
CIA27A,XI'AN,3,CI
CIA28,PROVINCIA DI GANSU,2,CI
CIA28A,LANZHOU,3,CI
CIA29,PROVINCIA DI QINGHAI,2,CI
CIA29A,XINING,3,CI
CIA30,REGIONE AUTONOMA DEL NINGXIA HUI,2,CI
CIA30A,YINCHUAN,3,CI
CIA31,REGIONE AUTONOMA UIGURA DELLO XINJIANG,2,CI
CIA31A,ÜRÜMQI,3,CI
CIA32,REGIONE AMMINISTRATIVA SPECIALE DI HONG KONG,2,CI
CIA32A,HONG KONG,3,CI
CIA33,REGIONE AMMINISTRATIVA SPECIALE DI MACAO,2,CI
CIA33A,MACAO,3,CI
CIA34,PROVINCIA DI TAIWAN,2,CI
CIA34A,TAIBEI,3,CI
CIZ,EXTRA-REGIO NUTS 1,1,CI
CIZZ,EXTRA-REGIO NUTS 2,2,CI
CIZZZ,EXTRA-REGIO NUTS 3,3,CI
IN,INDIA,0,IN
INA,INDIA,1,IN
INA1,ANDHRA PRADESH,2,IN
INA1A,HYDERABAD,3,IN
INA2,ARUNACHAL PRADESH,2,IN
INA2A,ITANAGAR,3,IN
INA3,ASSAM,2,IN
INA3A,DISPUR,3,IN
INA4,BENGALA OCCIDENTALE,2,IN
INA4A,CALCUTTA,3,IN
INA5,BIHAR,2,IN
INA5A,PATNA,3,IN
INA6,CHHATTISGARH,2,IN
INA6A,RAIPUR,3,IN
INA7,GOA,2,IN
INA7A,PANAJI,3,IN
INA8,GUJARAT,2,IN
INA8A,GANDHINAGAR,3,IN
INA9,HARYANA,2,IN
INA9A,CHANDIGARH,3,IN
INA10,HIMACHAL PRADESH,2,IN
INA10A,SHIMLA,3,IN
INA11,JAMMU E KASHMIR,2,IN
INA11A,SRINAGAR E JAMMU,3,IN
INA12,JHARKHAND,2,IN
INA12A,RANCHI,3,IN
INA13,KARNATAKA,2,IN
INA13A,BANGALORE,3,IN
INA14,KERALA,2,IN
INA14A,THIRUVANANTHAPURAM,3,IN
INA15,MADHYA PRADESH,2,IN
INA15A,BHOPAL,3,IN
INA16,MAHARASHTRA,2,IN
INA16A,BOMBAY,3,IN
INA17,MANIPUR,2,IN
INA17A,IMPHAL,3,IN
INA18,MEGHALAYA,2,IN
INA18A,SHILLONG,3,IN
INA19,MIZORAM,2,IN
INA19A,AIZAWL,3,IN
INA20,NAGALAND,2,IN
INA20A,KOHIMA,3,IN
INA21,ORISSA,2,IN
INA21A,BHUBANESWAR,3,IN
INA22,PUNJAB,2,IN
INA22A,CHANDIGARH,3,IN
INA23,RAJASTHAN,2,IN
INA23A,JAIPUR,3,IN
INA24,SIKKIM,2,IN
INA24A,GANGTOK,3,IN
INA25,TAMIL NADU,2,IN
INA25A,CHENNAI,3,IN
INA26,TRIPURA,2,IN
INA26A,AGARTALA,3,IN
INA27,UTTAR PRADESH,2,IN
INA27A,LUCKNOW,3,IN
INA28,UTTARAKHAND,2,IN
INA28A,DEHRADUN,3,IN
INZ,EXTRA-REGIO NUTS 1,1,IN
INZZ,EXTRA-REGIO NUTS 2,2,IN
INZZZ,EXTRA-REGIO NUTS 3,3,IN
AU,AUSTRALIA,0,AU
AUA,AUSTRALIAN STATES,1,AU
AUA1,AUSTRALIA MERIDIONALE,2,AU
AUA1A,ADELAIDE,3,AU
AUA2,AUSTRALIA OCCIDENTALE,2,AU
AUA2A,PERTH,3,AU
AUA3,NUOVO GALLES DEL SUD,2,AU
AUA3A,SYDNEY,3,AU
AUA4,QUEENSLAND,2,AU
AUA4A,BRISBANE,3,AU
AUA5,TASMANIA,2,AU
AUA5A,HOBART,3,AU
AUA6,VICTORIA,2,AU
AUA6A,MELBOURNE,3,AU
AUB,AUSTRALIAN TERRITORIES,1,AU
AUB1,BAIA DI JERVIS,2,AU
AUB1A,BAIA DI JERVIS,3,AU
AUB2,TERRITORIO DELLA CAPITALE AUSTRALIANA,2,AU
AUB2A,CANBERRA,3,AU
AUB3,TERRITORIO DEL NORD,2,AU
AUB3A,DARWIN,3,AU
AUB4,ISOLE ASHMORE E CARTIER,2,AU
AUB4A,ISOLE ASHMORE E CARTIER,3,AU
AUB5,ISOLE COCOS (KEELING),2,AU
AUB5A,WEST ISLAND,3,AU
AUB6,ISOLE HEARD E MCDONALD,2,AU
AUB6A,ISOLE HEARD E MCDONALD,3,AU
AUB7,ISOLE DEL MAR DEI CORALLI,2,AU
AUB7A,ISOLE DEL MAR DEI CORALLI,3,AU
AUB8,ISOLA DI NATALE,2,AU
AUB8A,FLYING FISH COVE,3,AU
AUB9,ISOLA NORFOLK,2,AU
AUB9A,KINGSTON,3,AU
AUB10,TERRITORIO ANTARTICO AUSTRALIANO,2,AU
AUB10A,TERRITORIO ANTARTICO AUSTRALIANO,3,AU
AUZ,EXTRA-REGIO NUTS 1,1,AU
AUZZ,EXTRA-REGIO NUTS 2,2,AU
AUZZZ,EXTRA-REGIO NUTS 3,3,AU
RU,РОССИЯ (RUSSIA),0,RU
RUA,ЦЕНТРАЛЬНЫЙ ФЕДЕРАЛЬНЫЙ ОКРУ (CIRCONDARIO FEDERALE CENTRALE),1,RU
RUA1,БЕЛГОРОДСКАЯ ОБЛАСТЬ (OBLAST' DI BELGOROD),2,RU
RUA11,BELGOROD,3,RU
RUA12,STARYJ OSKOL,3,RU
RUA13,GUBKIN,3,RU
RUA14,ALEKSEEVKA,3,RU
RUA15,VALUJIKI,3,RU
RUA16,ŠEBEKINO,3,RU
RUA2,БРЯНСКАЯ ОБЛАСТЬ (OBLAST' DI BRJANSK),2,RU
RUA21,BRJANSK,3,RU
RUA22,KLINCY,3,RU
RUA23,NOVOZYBKOV,3,RU
RUA24,SEL'CO,3,RU
RUA25,DJAT'KOVO,3,RU
RUA26,KARAČEV,3,RU
RUA27,STARODUB,3,RU
RUA28,UNEČA,3,RU
RUA29,ŽUKOVKA,3,RU
RUA3,ВЛАДИМИРСКАЯ ОБЛАСТЬ (OBLAST' DI VLADIMIR),2,RU
RUA31,VLADIMIR,3,RU
RUA32,KOVROV,3,RU
RUA33,MUROM,3,RU
RUA34,SUZDAL',3,RU
RUA35,ALEKSANDROV,3,RU
RUA36,GUS'-CHRUSTAL'NYJ,3,RU
RUA37,VJAZNIKI,3,RU
RUA38,GOROCHOVEC,3,RU
RUA39,KIRŽAČ,3,RU
RUA3A,JUR'EV-POL'SKIJ,3,RU
RUA4,ВОРОНЕЖСКАЯ ОБЛАСТЬ (OBLAST' DI VORONEŽ),2,RU
RUA41,VORONEŽ,3,RU
RUA42,BORISOGLEBSK,3,RU
RUA43,LISKI,3,RU
RUA44,NOVOVORONEŽ,3,RU
RUA45,ROSSOŠ,3,RU
RUA5,ИВАНОВСКАЯ ОБЛАСТЬ (OBLAST' DI IVANOVO),2,RU
RUA51,IVANOVO,3,RU
RUA52,FURMANOV,3,RU
RUA53,KINEŠMA,3,RU
RUA54,ŠUJA,3,RU
RUA55,TEJKOVO,3,RU
RUA56,VIČUGA,3,RU
RUA6,КАЛУЖСКАЯ ОБЛАСТЬ (OBLAST' DI KALUGA),2,RU
RUA61,KALUGA,3,RU
RUA62,OBNINSK,3,RU
RUA63,LJUDINOVO,3,RU
RUA64,KIROV,3,RU
RUA65,MOSAL'SK,3,RU
RUA7,КОСТРОМСКАЯ ОБЛАСТЬ (OBLAST' DI KOSTROMA),2,RU
RUA71,KOSTROMA,3,RU
RUA8,КУРСКАЯ ОБЛАСТЬ (OBLAST' DI KURSK),2,RU
RUA81,KURSK,3,RU
RUA82,KURČATOV,3,RU
RUA83,ŽELEZNOGORSK,3,RU
RUA9,ЛИПЕЦКАЯ ОБЛАСТЬ (OBLAST' DI LIPECK),2,RU
RUA91,LIPECK,3,RU
RUA92,ELEC,3,RU
RUA93,LIPECK,3,RU
RUAA,МОСКОВСКАЯ ОБЛАСТЬ (OBLAST' DI MOSCA),2,RU
RUAA1,CHIMKI,3,RU
RUAA2,DUBNA,3,RU
RUAA3,ĖLEKTROSTAL',3,RU
RUAA4,KOLOMNA,3,RU
RUAA5,KOROLËV,3,RU
RUAA6,ORECHOVO-ZUEVO,3,RU
RUAA7,PODOL'SK,3,RU
RUAA8,PUŠČINO,3,RU
RUAA9,SERPUCHOV,3,RU
RUAAA,ŽELEZNODOROŽNYJ,3,RU
RUAAB,ŽUKOVSKIJ,3,RU
RUAB,ОРЛОВСКАЯ ОБЛАСТЬ (OBLAST' DI ORËL),2,RU
RUAB1,ORËL,3,RU
RUAB2,LIVNY,3,RU
RUAB3,MCENSK,3,RU
RUAB4,BOLCHOV,3,RU
RUAB5,DMITROVSK,3,RU
RUAB6,MALOARCHANGEL'SK,3,RU
RUAB7,NOVOSIL',3,RU
RUAC,РЯЗАНСКАЯ ОБЛАСТЬ (OBLAST' DI RJAZAN'),2,RU
RUAC1,RJAZAN',3,RU
RUAC2,KASIMOV,3,RU
RUAC3,MICHAJLOV,3,RU
RUAC4,NOVOMIČURINSK,3,RU
RUAC5,RYBNOE,3,RU
RUAC6,RJAŽSK,3,RU
RUAC7,SASOVO,3,RU
RUAC8,SKOPIN,3,RU
RUAD,СМОЛЕНСКАЯ ОБЛАСТЬ (OBLAST' DI SMOLENSK),2,RU
RUAD1,SMOLENSK,3,RU
RUAD2,DESNOGORSK,3,RU
RUAE,ТАМБОВСКАЯ ОБЛАСТЬ (OBLAST' DI TAMBOV),2,RU
RUAE1,TAMBOV,3,RU
RUAE2,KIRSANOV,3,RU
RUAE3,KOTOVSK,3,RU
RUAE4,MIČURINSK,3,RU
RUAE5,MORŠANSK,3,RU
RUAE6,RASSKAZOVO,3,RU
RUAE7,UVAROVO,3,RU
RUAF,ТВЕРСКАЯ ОБЛАСТЬ (OBLAST' DI TVER'),2,RU
RUAF1,TVER',3,RU
RUAF2,RŽEV,3,RU
RUAF3,VYŠNIJ VOLOČËK,3,RU
RUAG,ТУЛЬСКАЯ ОБЛАСТЬ (OBLAST' DI TULA),2,RU
RUAG1,TULA,3,RU
RUAG2,DONSKOJ,3,RU
RUAH,ЯРОСЛАВСКАЯ ОБЛАСТЬ (OBLAST' DI JAROSLAVL'),2,RU
RUAH1,JAROSLAVL',3,RU
RUAH2,PERESLAVL'-ZALESSKIJ,3,RU
RUAH3,ROSTOV VELIKIJ,3,RU
RUAH4,RYBINSK,3,RU
RUAH5,TUTAEV,3,RU
RUAH6,UGLIČ,3,RU
RUAI,MOSCA,2,RU
RUAI1,MOSCA,3,RU
RUB,СЕВЕРО-ЗАПАДНЫЙ ФЕДЕРАЛЬНЫЙ ОКРУГ (CIRCONDARIO FEDERALE NORDOCCIDENTALE),1,RU
RUB1,РЕСПУБЛИКА КАРЕЛИЯ (REPUBBLICA DI CARELIA),2,RU
RUB11,PETROZAVODSK,3,RU
RUB12,KOSTOMUKŠA,3,RU
RUB13,SORTAVALA,3,RU
RUB2,РЕСПУБЛИКА КОМИ (REPUBBLICA DEI KOMI),2,RU
RUB21,SYKTYVKAR,3,RU
RUB22,ŽELEZNODOROŽNYJ,3,RU
RUB23,UCHTA,3,RU
RUB24,INTA,3,RU
RUB3,АРХАНГЕЛЬСКАЯ ОБЛАСТЬ (OBLAST' DI ARCANGELO),2,RU
RUB31,ARCANGELO,3,RU
RUB32,KORJAŽMA,3,RU
RUB33,KOTLAS,3,RU
RUB34,MIRNYJ,3,RU
RUB35,NOVODVINSK,3,RU
RUB36,ONEGA,3,RU
RUB37,SEVERODVINSK,3,RU
RUB4,CIRCONDARIO AUTONOMO DEI NENEC,2,RU
RUB41,NAR'JAN-MAR,3,RU
RUB5,ВОЛОГОДСКАЯ ОБЛАСТЬ (OBLAST' DI VOLOGDA),2,RU
RUB51,VOLOGDA,3,RU
RUB52,ČEREPOVEC,3,RU
RUB53,SOKOL,3,RU
RUB6,КАЛИНИНГРАДСКАЯ ОБЛАСТЬ (OBLAST' DI KALININGRAD),2,RU
RUB61,KALININGRAD,3,RU
RUB62,BALTIJSK,3,RU
RUB63,LADUŠKIN,3,RU
RUB64,PIONERSKIJ,3,RU
RUB65,SOVETSK,3,RU
RUB66,SVETLOGORSK,3,RU
RUB67,SVETLYJ,3,RU
RUB7,ЛЕНИНГРАДСКАЯ ОБЛАСТЬ (OBLAST' DI LENINGRADO),2,RU
RUB71,VYBORG,3,RU
RUB72,BOKSITOGORSK,3,RU
RUB73,GATČINA,3,RU
RUB74,IVANGOROD,3,RU
RUB75,KINGISEPP,3,RU
RUB76,KIRIŠI,3,RU
RUB77,KIROVSK,3,RU
RUB78,LODEJNOE POLE,3,RU
RUB79,LUGA,3,RU
RUB7A,PIKALËVO,3,RU
RUB7B,PODPOROŽ'E,3,RU
RUB7C,TICHVIN,3,RU
RUB7D,TOSNO,3,RU
RUB7E,VSEVOLOŽSK,3,RU
RUB8,МУРМАНСКАЯ ОБЛАСТЬ (OBLAST' DI MURMANSK),2,RU
RUB81,MURMANSK,3,RU
RUB82,POLJARNYE ZORI,3,RU
RUB9,НОВГОРОДСКАЯ ОБЛАСТЬ (OBLAST' DI NOVGOROD),2,RU
RUB91,VELIKIJ NOVGOROD,3,RU
RUB92,CHOLM,3,RU
RUB93,MALAJA VIŠERA,3,RU
RUB94,PESTOVO,3,RU
RUB95,STARAJA RUSSA,3,RU
RUB96,VALDAJ,3,RU
RUBA,ПСКОВСКАЯ ОБЛАСТЬ (OBLAST' DI PSKOV),2,RU
RUBA1,PSKOV,3,RU
RUBA2,VELIKIE LUKI,3,RU
RUBA3,GDOV,3,RU
RUBA4,OSTROV,3,RU
RUBB,SAN PIETROBURGO,2,RU
RUBB1,SAN PIETROBURGO,3,RU
RUC,ЮЖНЫЙ ФЕДЕРАЛЬНЫЙ ОКРУГ (CIRCONDARIO FEDERALE MERIDIONALE),1,RU
RUC1,РЕСПУБЛИКА АДЫГЕЯ (REPUBBLICA DI ADIGHEZIA),2,RU
RUC11,MAJKOP,3,RU
RUC12,ADYGEJSK,3,RU
RUC3,PЕСПУБЛИКА КАЛМЫКИЯ (REPUBBLICA DEI CALMUCCHI),2,RU
RUC31,ĖLISTA,3,RU
RUC4,КРАСНОДАРСКИЙ КРАЙ (TERRITORIO DI KRASNODAR),2,RU
RUC41,KRASNODAR,3,RU
RUC42,ARMAVIR,3,RU
RUC43,BELOREČENSK,3,RU
RUC44,BELOREČENSK,3,RU
RUC45,EJSK,3,RU
RUC46,GELENDŽIK,3,RU
RUC47,KROPOTKIN,3,RU
RUC48,KRYMSK,3,RU
RUC49,LABINSK,3,RU
RUC4A,NOVOROSSIJSK,3,RU
RUC4B,SLAVJANSK-NA-KUBANI,3,RU
RUC4C,SOČI,3,RU
RUC4D,TICHORECK,3,RU
RUC4E,TUAPSE,3,RU
RUC5,АСТРАХАНСКАЯ ОБЛАСТЬ (OBLAST' DI ASTRACHAN'),2,RU
RUC51,ASTRACHAN',3,RU
RUC52,ACHTUBINSK,3,RU
RUC53,ZNAMENSK,3,RU
RUC6,ВОЛГОГРАДСКАЯ ОБЛАСТЬ (OBLAST' DI VOLGOGRAD),2,RU
RUC61,VOLGOGRAD,3,RU
RUC62,FROLOVO,3,RU
RUC63,KAMYŠIN,3,RU
RUC64,MICHAJLOVKA,3,RU
RUC65,URJUPINSK,3,RU
RUC66,VOLŽSKIJ,3,RU
RUC7,РОСТОВСКАЯ ОБЛАСТЬ (OBLAST' DI ROSTOV),2,RU
RUC71,ROSTOV SUL DON,3,RU
RUC72,AZOV,3,RU
RUC73,BATAJSK,3,RU
RUC74,DONECK,3,RU
RUC75,GUKOVO,3,RU
RUC76,KAMENSK-ŠACHTINSKIJ,3,RU
RUC77,NOVOČERKASSK,3,RU
RUC78,NOVOŠACHTINSK,3,RU
RUC79,ŠACHTY,3,RU
RUC7A,TANGAROG,3,RU
RUC7B,VOLGODONSK,3,RU
RUC7C,ZVEREVO,3,RU
RUD,СЕВЕРО-КАВКАЗСКИЙ ФЕДЕРАЛЬНЫЙ ОКРУГ (CIRCONDARIO FEDERALE DEL CAUCASO SETTENTRIONALE),1,RU
RUD1,РЕСПУБЛИКА ДАГЕСТАН (REPUBBLICA DEL DAGESTAN),2,RU
RUD11,MACHAČKALA,3,RU
RUD2,РЕСПУБЛИКА ИНГУШЕТИЯ (REPUBBLICA DELL'INGUSCEZIA),2,RU
RUD21,MAGAS,3,RU
RUD22,KARABULAK,3,RU
RUD23,MALGOBEK,3,RU
RUD24,NAZRAN',3,RU
RUD3,КАБАРДИНО-БАЛКАРСКАЯ РЕСПУБЛИКА (REPUBBLICA DI CABARDINO-BALCARIA),2,RU
RUD31,NAL'ČIK,3,RU
RUD4,КАРАЧАЕВО-ЧЕРКЕССКАЯ РЕСПУБЛИКА (REPUBBLICA DI KARAČAJ-CIRCASSIA),2,RU
RUD41,ČERKESSK,3,RU
RUD42,KARAČAEVSK,3,RU
RUD5,РЕСПУ́БЛИКА СЕ́ВЕРНАЯ ОСЕ́ТИЯ-АЛА́НИЯ (REPUBBLICA DELL'OSSEZIA SETTENTRIONALE-ALANIA),2,RU
RUD51,VLADIKAVKAZ,3,RU
RUD6,ЧЕЧЕНСКАЯ РЕСПУБЛИКА (REPUBBLICA AUTONOMA DELLA CECENIA),2,RU
RUD61,GROZNYJ,3,RU
RUD62,ŠALI,3,RU
RUD7,TERRITORIO DI STAVROPOL',2,RU
RUD71,STAVROPOL',3,RU
RUD72,BUDËNNOVSK,3,RU
RUD73,ESSENTUKI,3,RU
RUD74,GEORGIEVSK,3,RU
RUD75,NEVINNOMYSSK,3,RU
RUD76,PJATIGORSK,3,RU
RUD77,ŽELEZNOVODSK,3,RU
RUE,КО́МИ-ПЕРМЯ́ЦКИЙ АВТОНОМНЫЙ О́КРУГ (EX CIRCONDARIO DEI KOMI-PERMIACCHI),1,RU
RUE1,РЕСПУ́БЛИКА БАШКОРТОСТА́Н (REPUBBLICA DI BASHKORTOSTAN),2,RU
RUE11,UFA,3,RU
RUE12,STERLITAMAK,3,RU
RUE13,BELORECK,3,RU
RUE2,РЕСПУБЛИКА МАРИЙ ЭЛ (REPUBBLICA DEI MARI),2,RU
RUE21,JOŠKAR-OLA,3,RU
RUE22,KOZ'MODEM'JANSK,3,RU
RUE23,VOLŽSK,3,RU
RUE3,РЕСПУБЛИКА МОРДОВИЯ (REPUBBLICA DI MORDOVIA),2,RU
RUE31,SARANSK,3,RU
RUE4,ТАТАРСТАН РЕСПУБЛИКАСЫ (REPUBBLICA DEL TATARSTAN),2,RU
RUE41,KAZAN',3,RU
RUE5,УДМУ́РТСКАЯ РЕСПУ́БЛИКА (REPUBBLICA DI UDMURTA),2,RU
RUE51,IŽEVSK,3,RU
RUE6,ЧУВАШСКАЯ РЕСПУБЛИКА (REPUBBLICA CIUVASCIA),2,RU
RUE61,ČEBOKSARY,3,RU
RUE62,NOVOČEBOKSARSK,3,RU
RUE7,TERRITORIO DI PERM',2,RU
RUE71,PERM',3,RU
RUE72,BEREZNIKI,3,RU
RUE72,SOLIKAMSK,3,RU
RUE73,ČAJKOVSKIJ,3,RU
RUF,ПРИВОЛЖСКИЙ ФЕДЕРАЛЬНЫЙ ОКРУГ (CIRCONDARIO FEDERALE DEL VOLGA),1,RU
RUF1,КИРОВСКАЯ ОБЛАСТЬ (OBLAST' DI KIROV),2,RU
RUF11,KIROV,3,RU
RUF12,KIROVO-ČEPECK,3,RU
RUF13,KOTEL'NIČ,3,RU
RUF2,НИЖЕГОРОДСКАЯ ОБЛАСТЬ (OBLAST' DI NIŽNIJ NOVGOROD),2,RU
RUF21,NIŽNIJ NOVGOROD,3,RU
RUF22,ARZAMAS,3,RU
RUF23,DZERŽINSK,3,RU
RUF24,SAROV,3,RU
RUF3,ОРЕНБУРГСКАЯ ОБЛАСТЬ (OBLAST' DI ORENBURG),2,RU
RUF31,ORENBURG,3,RU
RUF32,ORSK,3,RU
RUF33,BUZULUK,3,RU
RUF34,SOROČINSK,3,RU
RUF4,ПЕНЗЕНСКАЯ ОБЛАСТЬ (OBLAST' DI PENZA),2,RU
RUF41,PENZA,3,RU
RUF42,KUZNECK,3,RU
RUF5,САМАРСКАЯ ОБЛАСТЬ (OBLAST' DI SAMARA),2,RU
RUF51,SAMARA,3,RU
RUF52,TOGLIATTI,3,RU
RUF53,SYZRAN',3,RU
RUF54,ČAPAEVSK,3,RU
RUF6,САРАТОВСКАЯ ОБЛАСТЬ (OBLAST' DI SARATOV),2,RU
RUF61,SARATOV,3,RU
RUF62,BALAKOVO,3,RU
RUF63,BALAŠOV,3,RU
RUF64,ENGEL'S,3,RU
RUF65,MARKS,3,RU
RUF66,VOL'SK,3,RU
RUF7,УЛЬЯНОВСКАЯ ОБЛАСТЬ (OBLAST' DI UL'JANOVSK),2,RU
RUF71,UL'JANOVSK,3,RU
RUF72,DIMITROVGRAD,3,RU
RUF73,NOVOUL'JANOVSK,3,RU
RUG,УРАЛЬСКИЙ ФЕДЕРАЛЬНЫЙ ОКРУГ (CIRCONDARIO FEDERALE DEGLI URALI),1,RU
RUG1,КУРГАНСКАЯ ОБЛАСТЬ (OBLAST' DI KURGAN),2,RU
RUG11,KURGAN,3,RU
RUG12,ŠADRINSK,3,RU
RUG2,СВЕРДЛОВСКАЯ ОБЛАСТЬ (OBLAST' DI SVERDLOVSK),2,RU
RUG21,EKATERINBURG,3,RU
RUG22,NIŽNIJ TAGIL,3,RU
RUG23,PERVOURAL'SK,3,RU
RUG24,KAMENSK-URAL'SKIJ,3,RU
RUG25,ALAPAEVSK,3,RU
RUG26,ARTËMOVSKIJ,3,RU
RUG27,BERËZOVSKIJ,3,RU
RUG3,ТЮМЕНСКАЯ ОБЛАСТЬ (OBLAST' DI TJUMEN'),2,RU
RUG31,TJUMEN',3,RU
RUG4,CIRCONDARIO AUTONOMO DEGLI CHANTY-MANSI (JUGRA),2,RU
RUG41,CHANTY-MANSI,3,RU
RUG42,NEFTEJUGANSK,3,RU
RUG43,NIŽNEVARTOVSK,3,RU
RUG44,RADUŽNYJ,3,RU
RUG45,SURGUT,3,RU
RUG5,CIRCONDARIO AUTONOMO JAMALO-NENEC,2,RU
RUG51,SALECHARD,3,RU
RUG52,NOJABR'SK,3,RU
RUG53,NOVYJ URENGOJ,3,RU
RUG6,ЧЕЛЯБИНСКАЯ ОБЛАСТЬ (OBLAST' DI ČELJABINSK),2,RU
RUG61,ČELJABINSK,3,RU
RUG62,KOPEJSK,3,RU
RUG63,MAGNITOGORSK,3,RU
RUG64,MIASS,3,RU
RUG65,ZLATOUST,3,RU
RUH,СИБИРСКИЙ ФЕДЕРАЛЬНЫЙ ОКРУГ (CIRCONDARIO FEDERALE DELLA SIBERIA),1,RU
RUH1,РЕСПУБЛИКА АЛТАЙ (REPUBBLICA DELL'ALTAJ),2,RU
RUH11,GORNO-ALTAJSK,3,RU
RUH2,РЕСПУБЛИКА БУРЯТИЯ (REPUBBLICA DI BURIAZIA),2,RU
RUH21,ULAN-UDĖ,3,RU
RUH22,SEVEROBAJKAL'SK,3,RU
RUH3,РЕСПУБЛИКА ТЫВА (REPUBBLICA DI TUVA),2,RU
RUH31,KYZYL,3,RU
RUH32,AK-DOVURAK,3,RU
RUH4,РЕСПУБЛИКА ХАКАСИЯ (REPUBBLICA DI CHAKASSIA),2,RU
RUH41,ABAKAN,3,RU
RUH5,TERRITORIO DELL'ALTAJ,2,RU
RUH51,BARNAUL,3,RU
RUH52,BIJSK,3,RU
RUH6,ЗАБАЙКАЛЬСКИЙ КРАЙ (TERRITORIO DELLA TRANSBAJKALIA),2,RU
RUH61,ČITA,3,RU
RUH7,CIRCONDARIO DI AGA BURIAZIA,2,RU
RUH71,AGINSKOE,3,RU
RUH8,КРАСНОЯРСКИЙ КРАЙ (TERRITORIO DI KRASNOJARSK),2,RU
RUH81,KRASNOJARSK,3,RU
RUH82,AČINSK,3,RU
RUH84,KANSK,3,RU
RUH85,KRASNOJARSK,3,RU
RUH86,LESOSIBIRSK,3,RU
RUH87,NORIL'SK,3,RU
RUH88,ŽELEZNOGORSK,3,RU
RUH9,CIRCONDARIO DEL TAJMYR (FMR. TAYMYR AUTONOMOUS OKRUG),2,RU
RUH91,DUDINKA,3,RU
RUHA,CIRCONDARIO DEGLI EVENKI (FMR. EVENK AUTONOMOUS OKRUG),2,RU
RUHA1,TURA,3,RU
RUHB,OBLAST' DI IRKUTSK,2,RU
RUHB1,IRKUTSK,3,RU
RUHB2,ANGARSK,3,RU
RUHB4,BRATSK,3,RU
RUHB5,USOL'E-SIBIRSKOE,3,RU
RUHB6,UST'-ILIMSK,3,RU
RUHC,CIRCONDARIO AUTONOMO BURIATO DI UST'-ORDA,2,RU
RUHC1,UST-ORDYNSKY,3,RU
RUHD,КЕМЕРОВСКАЯ ОБЛАСТЬ (OBLAST' DI KEMEROVO),2,RU
RUHD1,KEMEROVO,3,RU
RUHD2,NOVOKUZNECK,3,RU
RUHD3,PROKOP'EVSK,3,RU
RUHD4,LENINSK-KUZNECKIJ,3,RU
RUHD5,MEŽDUREČENSK,3,RU
RUHD6,KISELËVSK,3,RU
RUHD7,JURGA,3,RU
RUHD8,ANŽERO-SUDŽENSK,3,RU
RUHE,НОВОСИБИРСКАЯ ОБЛАСТЬ (OBLAST' DI NOVOSIBIRSK),2,RU
RUHE1,NOVOSIBIRSK,3,RU
RUHE2,BERDSK,3,RU
RUHF,ОМСКАЯ ОБЛАСТЬ (OBLAST' DI OMSK),2,RU
RUHF1,OMSK,3,RU
RUHG,ТОМСКАЯ ОБЛАСТЬ (OBLAST' DI TOMSK),2,RU
RUHG1,TOMSK,3,RU
RUI,ДАЛЬНЕВОСТОЧНЫЙ ФЕДЕРАЛЬНЫЙ ОКРУ (CIRCONDARIO FEDERALE DELL'ESTREMO ORIENTE),1,RU
RUI1,РЕСПУБЛИКА САХА (REPUBBLICA DI SAKHA),2,RU
RUI11,JAKUTSK,3,RU
RUI2,КАМЧАТСКИЙ КРАЙ (TERRITORIO DELLA KAMČATKA),2,RU
RUI21,PETROPAVLOVSK-KAMČATSKIJ,3,RU
RUI3,CIRCONDARIO DEI CORIACCHI,2,RU
RUI31,PALANA,3,RU
RUI4,ПРИМОРСКИЙ КРАЙ (TERRITORIO DEL LITORALE),2,RU
RUI41,VLADIVOSTOK,3,RU
RUI42,ARTËM,3,RU
RUI43,NACHODKA,3,RU
RUI44,USSURIJSK,3,RU
RUI5,ХАБАРОВСКИЙ КРАЙ (TERRITORIO DI CHABAROVSK),2,RU
RUI51,CHABAROVSK,3,RU
RUI52,KOMSOMOL'SK-NA-AMURE,3,RU
RUI6,АМУРСКАЯ ОБЛАСТЬ (OBLAST' DELL'AMUR),2,RU
RUI61,BLAGOVEŠČENSK,3,RU
RUI7,МАГАДАНСКАЯ ОБЛАСТЬ (OBLAST' DI MAGADAN),2,RU
RUI71,MAGADAN,3,RU
RUI8,САХАЛИНСКАЯ ОБЛАСТЬ (OBLAST' DI SACHALIN),2,RU
RUI81,JUŽNO-SACHALINSK,3,RU
RUI82,CHOLMSK,3,RU
RUI9,ЕВРЕЙСКАЯ АВТОНОМНАЯ ОБЛАСТЬ (OBLAST' AUTONOMA EBRAICA),2,RU
RUI91,BIROBIDŽAN,3,RU
RUIA,CIRCONDARIO AUTONOMO DELLA ČUKOTKA,2,RU
RUIA1,ANADYR',3,RU
RUZ,EXTRA-REGIO NUTS 1,1,RU
RUZZ,EXTRA-REGIO NUTS 2,2,RU
RUZZZ,EXTRA-REGIO NUTS 3,3,RU
